pred, correct
tensor([170.2870]), 0.0
tensor([170.2876]), 0.0
tensor([170.2553]), 8.680000305175781
tensor([170.2876]), 0.0
tensor([170.2856]), 512.1199951171875
tensor([170.2876]), 0.0
tensor([170.2871]), 298.489990234375
tensor([43.5292]), 0.0
tensor([170.3232]), 0.0
tensor([170.2876]), 0.0
tensor([170.2799]), 1585.56005859375
tensor([170.2876]), 0.0
tensor([57.4776]), 0.0
tensor([170.2876]), 0.0
tensor([170.2876]), 0.0
tensor([170.1800]), 0.0
tensor([33.2058]), 1562.3900146484375
tensor([170.3141]), 0.0
tensor([170.2534]), 0.0
tensor([170.2876]), 0.0
tensor([170.3082]), 0.0
tensor([170.2876]), 0.0
tensor([170.2776]), 705.1900024414062
tensor([170.2876]), 0.0
tensor([170.2710]), 1635.8399658203125
tensor([170.2876]), 0.0
tensor([170.2876]), 0.0
tensor([170.3024]), 36.5099983215332
tensor([170.2876]), 0.0
tensor([170.3080]), 0.0
tensor([39.4442]), 0.0
tensor([170.2735]), 0.0
tensor([170.2876]), 0.0
tensor([170.3130]), 2102.4599609375
tensor([170.2876]), 0.0
tensor([170.2876]), 0.0
tensor([34.9314]), 0.0
tensor([170.3034]), 1723.68994140625
tensor([170.2742]), 0.0
tensor([170.2883]), 27.540000915527344
tensor([170.3056]), 18.239999771118164
tensor([170.2876]), 0.0
tensor([170.2876]), 0.0
tensor([170.3129]), 286.6000061035156
tensor([170.2876]), 0.0
tensor([170.2876]), 0.0
tensor([170.2961]), 72.06999969482422
tensor([170.3012]), 0.0
tensor([170.2876]), 0.0
tensor([170.2876]), 0.0
tensor([170.2876]), 0.0
tensor([170.3014]), 0.0
tensor([14.0785]), 0.0
tensor([170.2876]), 0.0
tensor([169.7016]), 0.0
tensor([170.2876]), 0.0
tensor([32.2248]), 0.0
tensor([170.2982]), 0.0
tensor([68.1001]), 0.0
tensor([170.2951]), 18.209999084472656
tensor([170.2777]), 7.46999979019165
tensor([170.2876]), 0.0
tensor([170.2876]), 0.0
tensor([170.3213]), 0.0
tensor([170.3096]), 163.92999267578125
tensor([170.2899]), 0.0
tensor([170.2906]), 337.67999267578125
tensor([170.2876]), 0.0
tensor([170.2918]), 1384.47998046875
tensor([170.2794]), 108.9800033569336
tensor([170.2876]), 0.0
tensor([170.2876]), 0.0
tensor([170.2876]), 62.43000030517578
tensor([170.3054]), 0.0
tensor([170.2953]), 133.69000244140625
tensor([170.2876]), 0.0
tensor([170.2876]), 0.0
tensor([170.2876]), 0.0
tensor([170.3117]), 0.0
tensor([170.2995]), 1499.239990234375
tensor([170.2876]), 0.0
tensor([170.2876]), 0.0
tensor([170.2686]), 0.0
tensor([170.3041]), 593.4500122070312
tensor([170.2826]), 0.05000000074505806
tensor([62.4088]), 0.0
tensor([170.2876]), 0.0
tensor([170.2876]), 0.0
tensor([170.2876]), 0.0
tensor([170.2835]), 0.0
tensor([170.3049]), 0.0
tensor([170.3114]), 1663.5799560546875
tensor([170.2580]), 109.25
tensor([38.0098]), 0.0
tensor([33.2336]), 0.0
tensor([170.2876]), 0.0
tensor([170.3228]), 0.0
tensor([170.3253]), 1737.7900390625
tensor([170.2876]), 0.0
tensor([170.2876]), 0.0
tensor([170.2862]), 0.0
tensor([170.2876]), 0.0
tensor([170.2876]), 0.0
tensor([170.2876]), 0.0
tensor([170.2876]), 0.0
tensor([170.3021]), 3.950000047683716
tensor([170.2876]), 0.0
tensor([170.3196]), 0.0
tensor([170.2876]), 0.0
tensor([170.2876]), 0.0
tensor([170.2876]), 0.0
tensor([170.2876]), 0.0
tensor([170.2904]), 43.380001068115234
tensor([170.2744]), 0.0
tensor([170.2683]), 148.74000549316406
tensor([164.6522]), 49.529998779296875
tensor([170.2803]), 0.0
tensor([170.2876]), 0.0
tensor([165.7571]), 498.9700012207031
tensor([170.2876]), 0.0
tensor([170.2876]), 0.0
tensor([169.7868]), 0.0
tensor([170.2932]), 0.0
tensor([170.2828]), 7.440000057220459
tensor([101.8641]), 0.0
tensor([170.2948]), 562.4600219726562
tensor([170.2876]), 0.0
tensor([170.3017]), 0.0
tensor([170.3073]), 0.0
tensor([170.2876]), 0.0
tensor([170.2905]), 1305.47998046875
tensor([170.2825]), 24.100000381469727
tensor([170.3052]), 1669.5400390625
tensor([170.3090]), 30.25
tensor([170.2876]), 0.0
tensor([170.2876]), 0.0
tensor([170.3123]), 1679.699951171875
tensor([170.2876]), 0.0
tensor([170.2876]), 0.0
tensor([170.2876]), 0.0
tensor([170.2735]), 1850.6800537109375
tensor([170.2876]), 0.0
tensor([160.0195]), 0.0
tensor([21.7182]), 0.0
tensor([170.2944]), 167.7899932861328
tensor([170.2869]), 1822.510009765625
tensor([170.2928]), 438.9200134277344
tensor([170.2876]), 0.0
tensor([9.9456]), 0.0
tensor([170.3212]), 1704.780029296875
tensor([170.3022]), 488.0299987792969
tensor([28.9059]), 0.0
tensor([170.2876]), 0.0
tensor([170.2876]), 0.0
tensor([170.2876]), 0.0
tensor([25.7745]), 0.0
tensor([170.3204]), 0.0
tensor([170.3002]), 1.4199999570846558
tensor([170.2939]), 0.0
tensor([170.2876]), 0.0
tensor([170.3155]), 0.0
tensor([170.2490]), 0.0
tensor([30.7129]), 0.0
tensor([170.3045]), 0.0
tensor([170.3077]), 36.58000183105469
tensor([170.2845]), 1339.06005859375
tensor([170.2876]), 0.0
tensor([170.2876]), 0.0
tensor([170.2973]), 0.0
tensor([170.2876]), 0.0
tensor([170.3071]), 0.0
tensor([170.2756]), 0.0
tensor([170.2870]), 13.300000190734863
tensor([13.3346]), 0.0
tensor([170.0923]), 0.0
tensor([170.2920]), 4.869999885559082
tensor([170.2876]), 0.0
tensor([170.2901]), 0.0
tensor([170.2876]), 0.0
tensor([170.2764]), 0.0
tensor([170.2876]), 0.0
tensor([170.3119]), 3.4600000381469727
tensor([170.2876]), 0.0
tensor([80.1522]), 0.0
tensor([170.2876]), 0.0
tensor([170.2876]), 0.0
tensor([170.2738]), 0.0
tensor([170.2876]), 0.0
tensor([170.3209]), 1842.3800048828125
tensor([170.2881]), 0.0
tensor([170.2876]), 0.0
tensor([170.2876]), 0.0
tensor([170.2876]), 0.0
tensor([170.2876]), 0.0
tensor([170.2887]), 1687.93994140625
tensor([170.2876]), 0.0
tensor([170.3130]), 1571.0400390625
tensor([58.5383]), 0.0
tensor([170.3051]), 1708.56005859375
tensor([153.8878]), 0.0
tensor([170.2876]), 0.0
tensor([170.2898]), 0.0
tensor([170.2876]), 0.0
tensor([170.2872]), 156.30999755859375
tensor([170.3197]), 268.7799987792969
tensor([170.2876]), 0.0
tensor([170.2876]), 0.0
tensor([170.2876]), 0.0
tensor([170.2876]), 0.0
tensor([170.2733]), 0.0
tensor([170.2664]), 294.8500061035156
tensor([170.2870]), 149.17999267578125
tensor([170.2876]), 0.0
tensor([27.6960]), 0.0
tensor([170.2886]), 0.0
tensor([170.2921]), 0.0
tensor([170.2876]), 0.0
tensor([170.2876]), 0.0
tensor([170.2899]), 1202.699951171875
tensor([170.2829]), 57.2599983215332
tensor([170.2982]), 1499.969970703125
tensor([9.0384]), 0.0
tensor([170.2928]), 1624.02001953125
tensor([170.2876]), 0.0
tensor([170.2876]), 0.0
tensor([170.2999]), 0.0
tensor([170.2876]), 0.0
tensor([170.2858]), 660.3499755859375
tensor([-2.2483]), 0.0
tensor([170.2946]), 0.0
tensor([170.2876]), 0.0
tensor([170.2504]), 0.0
tensor([170.2948]), 208.3000030517578
tensor([170.2762]), 0.0
tensor([170.2876]), 0.0
tensor([170.2866]), 550.4000244140625
tensor([170.2876]), 0.0
tensor([169.6650]), 0.0
tensor([170.2876]), 0.0
tensor([170.3148]), 1702.97998046875
tensor([170.3034]), 0.0
tensor([170.2876]), 0.0
tensor([135.6015]), 0.0
tensor([170.2876]), 0.0
tensor([170.3052]), 0.0
tensor([170.2876]), 0.0
tensor([170.3226]), 0.0
tensor([170.3099]), 0.0
tensor([50.5543]), 0.0
tensor([16.0545]), 0.0
tensor([170.2847]), 1696.1600341796875
tensor([170.2876]), 0.0
tensor([170.2876]), 0.0
tensor([170.2871]), 1282.47998046875
tensor([170.2876]), 0.0
tensor([101.8525]), 0.0
tensor([170.3222]), 0.0
tensor([170.3027]), 6.050000190734863
tensor([170.2876]), 0.0
tensor([169.9195]), 0.0
tensor([169.1984]), 902.5399780273438
tensor([170.2876]), 0.0
tensor([170.3196]), 595.2100219726562
tensor([170.2876]), 0.0
tensor([170.2895]), 166.97999572753906
tensor([170.2876]), 0.0
tensor([170.3163]), 0.0
tensor([170.2876]), 0.0
tensor([170.2961]), 0.0
tensor([69.4898]), 0.0
tensor([170.3141]), 160.9199981689453
tensor([170.3079]), 1661.7900390625
tensor([170.2175]), 0.0
tensor([170.3165]), 0.0
tensor([170.2876]), 0.0
tensor([170.2818]), 0.20000000298023224
tensor([170.2912]), 0.0
tensor([170.3105]), 600.5800170898438
tensor([170.2876]), 0.0
tensor([170.2876]), 0.0
tensor([170.2876]), 0.0
tensor([170.2795]), 0.0
tensor([170.2876]), 0.0
tensor([170.2876]), 0.0
tensor([170.3101]), 1670.280029296875
tensor([170.2936]), 0.0
tensor([170.2876]), 0.0
tensor([170.2876]), 0.0
tensor([170.2901]), 0.0
tensor([170.3103]), 54.130001068115234
tensor([170.2856]), 1546.989990234375
tensor([48.8487]), 0.0
tensor([170.2876]), 0.0
tensor([170.3099]), 165.64999389648438
tensor([11.1947]), 0.0
tensor([170.2897]), 364.55999755859375
tensor([170.2981]), 1687.8399658203125
tensor([170.2876]), 0.0
tensor([170.2876]), 0.0
tensor([170.2876]), 0.0
tensor([167.2880]), 0.0
tensor([170.2999]), 0.0
tensor([170.2728]), 0.0
tensor([170.2876]), 0.0
tensor([170.1750]), 0.0
tensor([170.2876]), 0.0
tensor([170.2942]), 0.0
tensor([170.3030]), 0.0
tensor([170.2876]), 0.0
tensor([170.3021]), 0.0
tensor([170.2876]), 0.0
tensor([170.2897]), 1148.239990234375
tensor([170.2876]), 0.0
tensor([170.2887]), 1799.1800537109375
tensor([170.2876]), 0.0
tensor([170.2876]), 0.0
tensor([170.2881]), 0.0
tensor([170.2809]), 0.0
tensor([170.2876]), 0.0
tensor([12.3907]), 0.0
tensor([169.8026]), 1724.8499755859375
tensor([170.2876]), 0.0
tensor([170.2781]), 0.0
tensor([170.2876]), 0.0
tensor([170.2876]), 0.0
tensor([121.3542]), 0.0
tensor([170.2876]), 0.0
tensor([11.8588]), 0.0
tensor([170.2976]), 1734.260009765625
tensor([169.9965]), 0.0
tensor([170.3163]), 993.9400024414062
tensor([170.2776]), 0.0
tensor([170.2876]), 0.0
tensor([170.2876]), 0.0
tensor([170.2876]), 0.0
tensor([170.2876]), 0.0
tensor([27.8087]), 0.0
tensor([170.2761]), 1581.93994140625
tensor([170.2876]), 19.31999969482422
tensor([170.3064]), 1588.9200439453125
tensor([170.3242]), 98.91999816894531
tensor([-1.9897]), 0.0
tensor([170.2876]), 0.0
tensor([24.4170]), 0.0
tensor([170.2876]), 0.0
tensor([170.2734]), 0.0
tensor([170.3218]), 0.0
tensor([11.9711]), 0.0
tensor([170.2282]), 2438.639892578125
tensor([170.2876]), 9.430000305175781
tensor([170.3075]), 0.0
tensor([170.3201]), 0.0
tensor([75.0544]), 841.9400024414062
tensor([170.3043]), 1660.5999755859375
tensor([72.8039]), 0.0
tensor([170.2876]), 0.0
tensor([170.2942]), 0.6399999856948853
tensor([169.8518]), 753.5
tensor([46.0233]), 0.0
tensor([170.2876]), 0.0
tensor([170.2889]), 2089.64990234375
tensor([40.1116]), 42.43000030517578
tensor([39.9765]), 0.0
tensor([170.3232]), 1967.1700439453125
tensor([170.2876]), 0.0
tensor([170.2876]), 0.0
tensor([170.2876]), 0.0
tensor([170.2876]), 0.0
tensor([170.2683]), 11.649999618530273
tensor([170.3108]), 0.0
tensor([51.9447]), 0.0
tensor([170.2951]), 0.0
tensor([170.2902]), 40.709999084472656
tensor([170.3168]), 339.2300109863281
tensor([170.2882]), 0.0
tensor([170.2787]), 21.3799991607666
tensor([170.2860]), 238.57000732421875
tensor([170.2876]), 0.0
tensor([170.3162]), 0.0
tensor([170.2029]), 0.0
tensor([170.2876]), 0.0
tensor([170.2876]), 0.0
tensor([170.2915]), 279.3800048828125
tensor([170.2876]), 0.0
tensor([170.2924]), 0.0
tensor([170.2849]), 0.0
tensor([170.3248]), 0.0
tensor([170.2876]), 0.0
tensor([170.2876]), 0.0
tensor([170.2768]), 950.6799926757812
tensor([25.4841]), 0.0
tensor([170.2940]), 0.0
tensor([170.3219]), 0.0
tensor([170.3020]), 0.0
tensor([170.2901]), 0.0
tensor([170.2876]), 0.0
tensor([170.2876]), 0.0
tensor([170.3017]), 0.0
tensor([170.3215]), 332.29998779296875
tensor([23.3582]), 0.0
tensor([170.2977]), 1470.4200439453125
tensor([170.2876]), 0.0
tensor([170.2890]), 0.0
tensor([170.2734]), 0.0
tensor([170.3172]), 0.0
tensor([170.3253]), 0.0
tensor([170.2876]), 0.0
tensor([167.9824]), 95.22000122070312
tensor([170.2876]), 0.0
tensor([170.2876]), 0.0
tensor([170.2876]), 0.0
tensor([170.2876]), 0.0
tensor([170.2953]), 601.9199829101562
tensor([170.2876]), 0.0
tensor([170.2549]), 0.0
tensor([156.1472]), 0.0
tensor([170.2876]), 0.0
tensor([170.2876]), 0.0
tensor([170.2484]), 0.0
tensor([170.2055]), 0.0
tensor([170.3081]), 0.0
tensor([170.1970]), 921.8599853515625
tensor([170.2876]), 0.0
tensor([170.2856]), 92.05000305175781
tensor([170.2759]), 59.02000045776367
tensor([170.2876]), 0.0
tensor([170.2876]), 0.0
tensor([170.2876]), 48.130001068115234
tensor([170.2701]), 1600.5400390625
tensor([170.2876]), 0.0
tensor([170.3004]), 60.47999954223633
tensor([170.2876]), 0.0
tensor([170.2876]), 0.0
tensor([170.2938]), 0.0
tensor([34.7030]), 0.0
tensor([170.3075]), 0.0
tensor([170.2876]), 0.0
tensor([170.2952]), 0.0
tensor([170.2876]), 0.0
tensor([170.2876]), 0.0
tensor([170.3047]), 0.0
tensor([170.2876]), 0.0
tensor([170.2876]), 0.0
tensor([170.2897]), 0.0
tensor([170.2876]), 0.0
tensor([170.3209]), 860.5800170898438
tensor([170.3061]), 0.0
tensor([170.2646]), 10.420000076293945
tensor([170.2876]), 0.0
tensor([170.2876]), 0.0
tensor([170.2876]), 0.0
tensor([22.4636]), 0.0
tensor([170.2860]), 0.0
tensor([170.2876]), 0.0
tensor([170.2876]), 0.0
tensor([170.2726]), 1410.4000244140625
tensor([170.2876]), 0.0
tensor([170.2908]), 919.4099731445312
tensor([170.2876]), 893.02001953125
tensor([170.2876]), 0.0
tensor([170.2905]), 0.0
tensor([170.3203]), 0.0
tensor([19.3214]), 0.0
tensor([170.2876]), 0.0
tensor([170.3022]), 0.0
tensor([170.2876]), 0.0
tensor([170.2963]), 5.869999885559082
tensor([170.2876]), 0.0
tensor([170.2871]), 322.75
tensor([170.2970]), 1706.699951171875
tensor([170.2876]), 0.0
tensor([18.0017]), 34.08000183105469
tensor([170.2671]), 1342.6600341796875
tensor([170.2859]), 53.79999923706055
tensor([170.3104]), 1787.5999755859375
tensor([169.9111]), 555.3699951171875
tensor([170.2876]), 0.0
tensor([170.3178]), 0.0
tensor([170.2876]), 0.0
tensor([170.2664]), 183.27000427246094
tensor([170.2815]), 0.0
tensor([170.3097]), 1686.739990234375
tensor([39.1026]), 26.780000686645508
tensor([170.2876]), 0.0
tensor([170.2876]), 0.0
tensor([170.2876]), 0.0
tensor([170.2975]), 1.0099999904632568
tensor([170.2876]), 0.0
tensor([170.2820]), 34.720001220703125
tensor([170.3143]), 1177.510009765625
tensor([170.3249]), 0.0
tensor([170.3153]), 0.0
tensor([169.5266]), 0.0
tensor([170.2729]), 0.0
tensor([170.2958]), 24.469999313354492
tensor([170.2876]), 0.0
tensor([21.2472]), 0.0
tensor([170.2876]), 0.0
tensor([170.3092]), 0.0
tensor([170.3220]), 1836.5999755859375
tensor([170.2830]), 148.74000549316406
tensor([170.2876]), 0.0
tensor([170.3080]), 0.0
tensor([170.2888]), 0.0
tensor([170.2876]), 0.0
tensor([170.2770]), 0.0
tensor([170.2876]), 0.0
tensor([170.2725]), 0.0
tensor([170.2876]), 0.0
tensor([170.2876]), 109.55999755859375
tensor([170.2493]), 162.39999389648438
tensor([170.3219]), 1704.0400390625
tensor([48.9767]), 0.0
tensor([170.2876]), 0.0
tensor([170.2865]), 50.77000045776367
tensor([169.8091]), 0.0
tensor([170.2629]), 62.630001068115234
tensor([170.2876]), 0.0
tensor([167.4469]), 4.440000057220459
tensor([170.2865]), 0.0
tensor([170.2876]), 0.0
tensor([169.6309]), 0.0
tensor([170.2876]), 0.0
tensor([170.2876]), 0.0
tensor([170.2442]), 1.2000000476837158
tensor([170.2165]), 22.31999969482422
tensor([170.2876]), 0.0
tensor([170.3146]), 909.1300048828125
tensor([170.2744]), 0.0
tensor([20.4305]), 0.0
tensor([39.5496]), 1101.699951171875
tensor([170.2876]), 0.0
tensor([170.2876]), 0.0
tensor([170.3029]), 0.0
tensor([170.2794]), 20.579999923706055
tensor([170.2876]), 0.0
tensor([170.3089]), 308.1600036621094
tensor([61.4460]), 0.0
tensor([170.3017]), 184.02000427246094
tensor([47.0007]), 0.0
tensor([170.3095]), 0.0
tensor([170.2876]), 0.0
tensor([170.2968]), 1495.010009765625
tensor([170.3064]), 0.0
tensor([170.2890]), 0.0
tensor([170.2743]), 1733.510009765625
tensor([170.2876]), 0.0
tensor([158.7081]), 0.0
tensor([170.3083]), 2105.52001953125
tensor([170.3133]), 1733.550048828125
tensor([170.3007]), 0.0
tensor([170.3231]), 0.0
tensor([170.2876]), 0.0
tensor([170.3025]), 36.2400016784668
tensor([170.2999]), 85.8499984741211
tensor([170.2865]), 95.69000244140625
tensor([170.2876]), 0.0
tensor([170.2968]), 0.0
tensor([170.2876]), 0.0
tensor([170.3024]), 0.0
tensor([170.2906]), 0.0
tensor([170.2876]), 0.0
tensor([170.2908]), 67.87999725341797
tensor([170.2837]), 306.1099853515625
tensor([170.2815]), 249.0
tensor([170.2946]), 397.3299865722656
tensor([129.7240]), 0.0
tensor([170.2876]), 0.0
tensor([170.2958]), 379.8399963378906
tensor([23.7249]), 0.0
tensor([170.2876]), 1.7100000381469727
tensor([51.4753]), 77.86000061035156
tensor([170.2878]), 0.0
tensor([170.2876]), 0.0
tensor([170.2848]), 171.08999633789062
tensor([16.9434]), 0.0
tensor([170.2876]), 0.0
tensor([170.3150]), 389.7200012207031
tensor([170.2876]), 0.0
tensor([54.9358]), 889.4400024414062
tensor([170.2914]), 728.6500244140625
tensor([170.2954]), 0.0
tensor([170.2452]), 1829.5
tensor([52.3328]), 70.22000122070312
tensor([170.2757]), 294.8299865722656
tensor([170.3102]), 521.0800170898438
tensor([64.8783]), 0.0
tensor([170.2876]), 0.0
tensor([170.2876]), 0.0
tensor([170.2972]), 2.130000114440918
tensor([170.2955]), 936.6599731445312
tensor([170.3046]), 218.0500030517578
tensor([170.3233]), 1763.7900390625
tensor([170.2876]), 0.0
tensor([170.2692]), 307.8399963378906
tensor([170.2876]), 0.0
tensor([170.2876]), 0.0
tensor([170.2819]), 438.3800048828125
tensor([170.2762]), 57.060001373291016
tensor([170.2876]), 0.0
tensor([170.3062]), 1599.8699951171875
tensor([170.2895]), 0.0
tensor([170.2876]), 0.0
tensor([170.2876]), 0.0
tensor([170.2843]), 241.85000610351562
tensor([170.2876]), 0.0
tensor([170.2876]), 0.0
tensor([170.3048]), 19.399999618530273
tensor([170.2708]), 0.0
tensor([170.2876]), 0.0
tensor([170.3128]), 344.9599914550781
tensor([170.2859]), 8.350000381469727
tensor([170.2837]), 0.0
tensor([170.3037]), 1686.75
tensor([170.3094]), 17.6299991607666
tensor([170.2876]), 0.0
tensor([31.9383]), 0.0
tensor([170.2876]), 0.0
tensor([170.2955]), 0.0
tensor([170.3067]), 0.0
tensor([170.2903]), 104.63999938964844
tensor([170.2876]), 0.0
tensor([170.2922]), 0.0
tensor([170.2867]), 0.0
tensor([170.3117]), 2032.780029296875
tensor([41.3755]), 0.0
tensor([170.2876]), 0.0
tensor([105.4100]), 660.6300048828125
tensor([170.2876]), 0.0
tensor([170.2876]), 0.0
tensor([170.2733]), 0.0
tensor([170.1471]), 0.0
tensor([170.2904]), 630.47998046875
tensor([170.2876]), 0.0
tensor([35.0079]), 0.0
tensor([170.2876]), 0.0
tensor([63.1497]), 0.0
tensor([170.3115]), 1690.199951171875
tensor([170.2876]), 0.0
tensor([169.9966]), 0.0
tensor([170.3165]), 38.29999923706055
tensor([170.3074]), 38.93000030517578
tensor([170.2876]), 0.0
tensor([170.2876]), 0.0
tensor([170.2876]), 0.0
tensor([13.2800]), 0.0
tensor([74.1107]), 0.0
tensor([170.1123]), 0.0
tensor([170.2939]), 1127.6700439453125
tensor([170.2876]), 0.0
tensor([170.2876]), 0.0
tensor([170.2876]), 0.0
tensor([170.2876]), 0.0
tensor([1.7467]), 0.0
tensor([170.2876]), 0.0
tensor([170.3022]), 1702.97998046875
tensor([170.2799]), 2.4600000381469727
tensor([170.2876]), 0.0
tensor([170.3218]), 102.30000305175781
tensor([170.3061]), 818.47998046875
tensor([139.2336]), 689.760009765625
tensor([170.2876]), 57.7599983215332
tensor([170.3075]), 0.0
tensor([170.2840]), 530.7100219726562
tensor([170.2876]), 0.0
tensor([170.2769]), 0.0
tensor([170.2876]), 0.0
tensor([170.3175]), 1707.5
tensor([170.2900]), 598.97998046875
tensor([170.2755]), 3.9000000953674316
tensor([170.2876]), 0.0
tensor([170.2901]), 217.77999877929688
tensor([170.2878]), 1326.6500244140625
tensor([43.8125]), 0.0
tensor([170.3170]), 71.76000213623047
tensor([170.1733]), 0.0
tensor([170.2876]), 0.0
tensor([170.2881]), 0.0
tensor([170.3109]), 946.969970703125
tensor([170.2876]), 3.1500000953674316
tensor([170.2876]), 0.0
tensor([170.3116]), 945.8400268554688
tensor([170.2876]), 0.0
tensor([170.2876]), 0.0
tensor([170.2813]), 3.940000057220459
tensor([170.2723]), 26.459999084472656
tensor([170.2908]), 0.0
tensor([170.2959]), 0.0
tensor([170.2876]), 0.0
tensor([170.3147]), 0.0
tensor([170.3130]), 1641.75
tensor([170.3238]), 1582.3800048828125
tensor([170.2876]), 0.0
tensor([170.2876]), 0.0
tensor([170.2708]), 677.1599731445312
tensor([170.3119]), 0.0
tensor([170.3237]), 1871.5
tensor([170.2854]), 665.3300170898438
tensor([170.2784]), 0.0
tensor([170.2876]), 0.0
tensor([21.0822]), 0.0
tensor([15.9452]), 0.0
tensor([34.5965]), 0.0
tensor([170.2848]), 0.0
tensor([170.2876]), 0.0
tensor([170.3055]), 0.0
tensor([170.2869]), 1646.47998046875
tensor([170.2818]), 0.0
tensor([170.2809]), 10.420000076293945
tensor([49.8290]), 0.0
tensor([170.2862]), 285.2099914550781
tensor([170.2876]), 0.0
tensor([170.2992]), 197.88999938964844
tensor([170.2997]), 4.239999771118164
tensor([170.2876]), 0.0
tensor([170.2734]), 1167.8699951171875
tensor([170.2876]), 0.0
tensor([170.2876]), 0.0
tensor([170.2876]), 0.0
tensor([170.2900]), 0.0
tensor([170.3025]), 1413.56005859375
tensor([170.2956]), 0.0
tensor([170.2942]), 2.1600000858306885
tensor([169.1816]), 0.0
tensor([170.3105]), 207.66000366210938
tensor([170.2871]), 742.2999877929688
tensor([170.3080]), 34.619998931884766
tensor([27.9312]), 0.0
tensor([48.0081]), 0.0
tensor([51.2063]), 0.0
tensor([169.7435]), 0.0
tensor([170.2876]), 0.0
tensor([170.2876]), 0.0
tensor([170.2746]), 1942.0799560546875
tensor([170.2876]), 0.0
tensor([170.2653]), 80.02999877929688
tensor([139.5020]), 3.200000047683716
tensor([23.9825]), 0.0
tensor([170.2876]), 0.0
tensor([170.2753]), 83.5999984741211
tensor([170.3172]), 0.0
tensor([170.2988]), 0.0
tensor([170.2876]), 0.0
tensor([170.2695]), 387.0
tensor([68.7553]), 0.0
tensor([170.2876]), 0.0
tensor([170.2820]), 0.0
tensor([170.3150]), 0.0
tensor([170.2876]), 0.0
tensor([170.3247]), 0.0
tensor([170.2876]), 0.0
tensor([170.3001]), 0.0
tensor([170.2748]), 0.0
tensor([170.3143]), 1707.5
tensor([170.2876]), 0.0
tensor([170.2876]), 0.0
tensor([170.3238]), 1296.0
tensor([170.2876]), 0.0
tensor([20.9296]), 0.0
tensor([170.2835]), 1280.239990234375
tensor([170.2876]), 0.0
tensor([170.3002]), 11.75
tensor([170.3139]), 932.75
tensor([42.7858]), 0.0
tensor([170.2876]), 0.0
tensor([170.3114]), 0.0
tensor([170.2876]), 0.0
tensor([160.1873]), 1404.8800048828125
tensor([170.2747]), 117.0
tensor([170.2876]), 0.0
tensor([170.2876]), 0.0
tensor([170.2876]), 0.0
tensor([170.2939]), 0.0
tensor([170.2876]), 0.0
tensor([170.2876]), 0.0
tensor([170.3104]), 0.0
tensor([170.2764]), 971.5999755859375
tensor([170.2876]), 0.0
tensor([170.2593]), 0.0
tensor([170.2871]), 210.6699981689453
tensor([170.2998]), 0.0
tensor([170.3019]), 1715.81005859375
tensor([29.6177]), 0.0
tensor([170.2685]), 229.52000427246094
tensor([62.9004]), 0.0
tensor([170.2876]), 0.0
tensor([170.2742]), 0.0
tensor([29.0135]), 0.0
tensor([170.2908]), 0.0
tensor([170.2876]), 280.2799987792969
tensor([170.2876]), 0.0
tensor([170.2876]), 0.0
tensor([170.2876]), 0.0
tensor([170.2876]), 0.0
tensor([170.2848]), 189.14999389648438
tensor([170.2876]), 0.0
tensor([170.2876]), 0.0
tensor([34.4098]), 0.0
tensor([170.3147]), 186.64999389648438
tensor([170.2904]), 3.880000114440918
tensor([170.2916]), 60.41999816894531
tensor([170.2809]), 0.0
tensor([170.3018]), 702.5599975585938
tensor([170.2876]), 0.0
tensor([170.3138]), 1378.3599853515625
tensor([170.3009]), 1671.0400390625
tensor([21.4652]), 0.0
tensor([104.1851]), 0.0
tensor([13.4324]), 0.0
tensor([170.2779]), 1207.1300048828125
tensor([40.2423]), 0.0
tensor([19.3932]), 0.0
tensor([170.2977]), 0.0
tensor([170.2813]), 72.06999969482422
tensor([170.2806]), 0.0
tensor([170.2876]), 0.0
tensor([170.2876]), 0.0
tensor([170.2876]), 0.0
tensor([170.3074]), 0.0
tensor([170.2689]), 0.0
tensor([170.2820]), 0.0
tensor([170.2821]), 1382.8299560546875
tensor([148.4916]), 0.0
tensor([170.2889]), 0.0
tensor([170.2876]), 0.0
tensor([170.3049]), 0.0
tensor([170.2891]), 349.8500061035156
tensor([170.2626]), 50.900001525878906
tensor([170.2864]), 0.0
tensor([170.2876]), 0.0
tensor([169.4523]), 0.0
tensor([170.2876]), 214.9199981689453
tensor([170.2941]), 15.119999885559082
tensor([56.2168]), 0.0
tensor([170.2868]), 35.04999923706055
tensor([170.2876]), 0.0
tensor([170.2747]), 2.359999895095825
tensor([170.2876]), 0.0
tensor([170.2957]), 0.0
tensor([170.3266]), 1821.75
tensor([12.1008]), 0.0
tensor([170.2876]), 0.0
tensor([170.2859]), 1424.1600341796875
tensor([170.2979]), 0.0
tensor([170.2876]), 0.0
tensor([11.6454]), 0.0
tensor([170.2876]), 0.0
tensor([170.3045]), 0.0
tensor([170.2876]), 0.0
tensor([170.2958]), 0.0
tensor([170.1253]), 1728.239990234375
tensor([170.2876]), 0.0
tensor([170.2876]), 0.0
tensor([170.2943]), 1214.510009765625
tensor([170.2907]), 426.010009765625
tensor([170.2876]), 0.0
tensor([170.2876]), 0.0
tensor([170.2910]), 0.0
tensor([40.8394]), 0.0
tensor([170.2876]), 0.0
tensor([170.3123]), 0.0
tensor([170.2895]), 280.4599914550781
tensor([170.2876]), 0.0
tensor([170.2798]), 39.209999084472656
tensor([11.8503]), 0.0
tensor([170.2726]), 492.4599914550781
tensor([170.2557]), 323.739990234375
tensor([170.1959]), 127.62999725341797
tensor([170.3188]), 0.0
tensor([170.2876]), 0.0
tensor([170.2876]), 0.0
tensor([170.2837]), 0.0
tensor([170.2816]), 0.0
tensor([170.2876]), 0.0
tensor([170.2733]), 0.0
tensor([170.3135]), 1379.0400390625
tensor([170.2876]), 0.0
tensor([170.3063]), 0.0
tensor([75.7305]), 0.0
tensor([170.2876]), 0.0
tensor([121.1231]), 0.0
tensor([170.2939]), 40.95000076293945
tensor([170.3105]), 221.13999938964844
tensor([170.2660]), 0.0
tensor([26.3003]), 0.0
tensor([170.3021]), 154.1300048828125
tensor([170.2876]), 0.0
tensor([170.2876]), 0.0
tensor([17.8058]), 0.0
tensor([170.2856]), 226.8699951171875
tensor([170.2876]), 0.0
tensor([170.2876]), 0.0
tensor([170.2726]), 0.0
tensor([170.2876]), 0.0
tensor([170.2506]), 173.4199981689453
tensor([170.3140]), 0.0
tensor([170.2828]), 0.0
tensor([170.2844]), 0.0
tensor([170.3127]), 157.22999572753906
tensor([170.2902]), 916.0900268554688
tensor([170.2846]), 0.0
tensor([170.3188]), 0.0
tensor([170.2876]), 0.0
tensor([30.1505]), 0.0
tensor([170.2876]), 0.0
tensor([17.6355]), 0.0
tensor([170.3267]), 0.0
tensor([170.2876]), 0.0
tensor([170.2876]), 0.0
tensor([170.2876]), 0.0
tensor([170.2722]), 0.0
tensor([170.2876]), 0.0
tensor([170.2876]), 0.0
tensor([22.2833]), 0.0
tensor([170.3179]), 1120.3299560546875
tensor([170.2929]), 0.0
tensor([170.2876]), 0.0
tensor([170.2811]), 0.0
tensor([170.2876]), 0.0
tensor([170.2914]), 1698.449951171875
tensor([170.2876]), 0.0
tensor([170.2870]), 302.4100036621094
tensor([170.2876]), 0.0
tensor([170.2787]), 951.4500122070312
tensor([170.2876]), 0.0
tensor([170.2876]), 0.0
tensor([170.2906]), 0.0
tensor([170.2876]), 0.0
tensor([170.2876]), 0.0
tensor([170.2876]), 0.0
tensor([170.2876]), 0.0
tensor([170.1064]), 0.0
tensor([170.2667]), 256.3800048828125
tensor([169.5537]), 0.0
tensor([170.2876]), 0.0
tensor([170.3059]), 1651.68994140625
tensor([170.2876]), 73.72000122070312
tensor([170.2742]), 0.0
tensor([170.2921]), 0.0
tensor([170.2858]), 1601.5999755859375
tensor([170.3025]), 0.0
tensor([170.2646]), 1460.1800537109375
tensor([170.3123]), 178.27000427246094
tensor([170.2876]), 0.0
tensor([170.2876]), 0.0
tensor([170.2946]), 0.0
tensor([9.8778]), 0.0
tensor([170.2672]), 997.97998046875
tensor([170.2931]), 0.0
tensor([170.2876]), 0.0
tensor([170.2876]), 0.0
tensor([170.2876]), 0.0
tensor([170.2812]), 297.989990234375
tensor([15.3185]), 0.0
tensor([25.6364]), 0.0
tensor([170.2876]), 0.0
tensor([170.3231]), 65.55000305175781
tensor([170.2876]), 0.0
tensor([170.2995]), 36.470001220703125
tensor([170.3028]), 0.0
tensor([170.2876]), 0.0
tensor([170.2876]), 0.0
tensor([16.4577]), 0.0
tensor([170.2876]), 0.0
tensor([170.3196]), 0.0
tensor([170.2379]), 0.0
tensor([170.2876]), 0.0
tensor([170.2876]), 0.0
tensor([170.2876]), 0.0
tensor([153.4527]), 215.1999969482422
tensor([170.2953]), 0.0
tensor([170.2876]), 0.0
tensor([170.2876]), 0.0
tensor([170.3066]), 0.0
tensor([170.3073]), 1721.3800048828125
tensor([170.3190]), 536.3300170898438
tensor([170.2830]), 0.0
tensor([170.2876]), 0.0
tensor([170.2984]), 0.0
tensor([170.2774]), 1606.699951171875
tensor([170.3159]), 0.0
tensor([170.2872]), 48.83000183105469
tensor([169.8017]), 846.4099731445312
tensor([170.2676]), 0.0
tensor([170.2876]), 0.0
tensor([170.2876]), 0.0
tensor([170.2925]), 1144.2900390625
tensor([169.7673]), 412.0299987792969
tensor([170.2805]), 75.13999938964844
tensor([170.3189]), 1686.739990234375
tensor([170.0228]), 1238.1400146484375
tensor([170.2912]), 0.0
tensor([170.2876]), 0.0
tensor([170.2876]), 0.0
tensor([170.2876]), 0.0
tensor([169.9265]), 0.0
tensor([170.2764]), 540.5999755859375
tensor([170.3062]), 0.0
tensor([170.2876]), 0.0
tensor([170.2897]), 452.010009765625
tensor([170.2940]), 0.0
tensor([170.2863]), 46.189998626708984
tensor([170.2947]), 934.4199829101562
tensor([170.2876]), 0.0
tensor([170.2856]), 0.0
tensor([170.2876]), 0.0
tensor([170.2744]), 0.0
tensor([170.2755]), 0.0
tensor([170.2735]), 89.94000244140625
tensor([170.2876]), 0.0
tensor([56.9560]), 0.0
tensor([170.2876]), 0.0
tensor([170.3217]), 1420.02001953125
tensor([170.2836]), 4.869999885559082
tensor([32.7751]), 0.0
tensor([170.2876]), 0.0
tensor([170.3218]), 1875.4599609375
tensor([162.0919]), 0.0
tensor([170.2876]), 0.0
tensor([170.2876]), 0.0
tensor([170.2876]), 0.0
tensor([170.2941]), 0.0
tensor([170.3059]), 0.0
tensor([170.2860]), 338.54998779296875
tensor([170.3083]), 0.0
tensor([27.2764]), 0.0
tensor([37.8079]), 0.0
tensor([170.2876]), 0.0
tensor([170.2876]), 0.0
tensor([170.2795]), 0.0
tensor([170.2758]), 0.0
tensor([170.2876]), 0.0
tensor([170.2876]), 0.0
tensor([170.2876]), 0.0
tensor([47.4365]), 0.0
tensor([170.2876]), 0.0
tensor([170.2876]), 0.0
tensor([26.1228]), 577.719970703125
tensor([170.2876]), 0.0
tensor([170.2876]), 0.0
tensor([170.2653]), 0.0
tensor([170.3218]), 0.0
tensor([170.2876]), 0.0
tensor([170.2794]), 0.0
tensor([170.2876]), 0.0
tensor([170.3164]), 660.8200073242188
tensor([26.6266]), 0.0
tensor([170.3033]), 0.0
tensor([170.2876]), 0.0
tensor([170.3032]), 0.0
tensor([170.2823]), 0.0
tensor([170.2876]), 0.0
tensor([170.2805]), 0.0
tensor([16.4798]), 0.0
tensor([170.2709]), 0.0
tensor([170.2929]), 0.0
tensor([170.2876]), 0.0
tensor([169.7859]), 0.0
tensor([170.2952]), 0.0
tensor([170.3159]), 1707.800048828125
tensor([170.3193]), 0.0
tensor([170.3005]), 1603.0799560546875
tensor([170.2876]), 0.0
tensor([170.2903]), 48.5099983215332
tensor([170.2781]), 1786.3699951171875
tensor([169.6547]), 0.0
tensor([170.2997]), 1555.199951171875
tensor([170.2876]), 0.0
tensor([170.2949]), 0.0
tensor([170.2876]), 0.0
tensor([170.3077]), 54.349998474121094
tensor([170.3234]), 1893.6800537109375
tensor([170.3231]), 1432.8299560546875
tensor([170.2876]), 0.0
tensor([36.6349]), 0.0
tensor([170.3187]), 0.0
tensor([170.2876]), 0.0
tensor([170.2876]), 0.0
tensor([33.7040]), 0.0
tensor([170.2845]), 0.0
tensor([-2.5136]), 0.0
tensor([170.2715]), 46.439998626708984
tensor([170.2876]), 0.0
tensor([170.3058]), 118.31999969482422
tensor([170.3244]), 1417.969970703125
tensor([170.2876]), 0.0
tensor([170.2838]), 0.0
tensor([170.2876]), 0.0
tensor([170.2876]), 0.0
tensor([170.2575]), 0.0
tensor([170.2677]), 23.1299991607666
tensor([170.2867]), 0.0
tensor([170.3213]), 1699.2099609375
tensor([170.2876]), 0.0
tensor([170.2876]), 0.0
tensor([170.3030]), 1589.1800537109375
tensor([170.2876]), 0.0
tensor([170.2876]), 0.0
tensor([19.8194]), 0.0
tensor([170.2742]), 1789.489990234375
tensor([170.3229]), 0.0
tensor([32.1420]), 0.0
tensor([170.2876]), 0.0
tensor([170.3025]), 1562.3900146484375
tensor([39.6794]), 0.0
tensor([170.2960]), 1298.219970703125
tensor([170.3036]), 0.0
tensor([26.0135]), 0.0
tensor([170.2876]), 0.0
tensor([170.2736]), 4.829999923706055
tensor([170.2876]), 0.0
tensor([170.2126]), 1950.8800048828125
tensor([170.2679]), 168.5
tensor([170.2876]), 0.0
tensor([170.3200]), 0.0
tensor([170.2845]), 0.0
tensor([170.3244]), 1925.260009765625
tensor([170.2856]), 0.0
tensor([170.2876]), 0.0
tensor([170.1996]), 1770.68994140625
tensor([170.2763]), 0.0
tensor([170.3033]), 1504.2099609375
tensor([170.2876]), 0.0
tensor([170.2902]), 234.91000366210938
tensor([170.2876]), 0.0
tensor([6.7406]), 0.0
tensor([170.3247]), 1722.6300048828125
tensor([170.2876]), 0.0
tensor([170.2876]), 0.0
tensor([170.3013]), 133.55999755859375
tensor([170.2876]), 0.0
tensor([170.2752]), 0.0
tensor([170.2876]), 0.0
tensor([170.2876]), 0.0
tensor([43.7614]), 0.0
tensor([170.2876]), 0.0
tensor([-2.4349]), 0.0
tensor([170.3132]), 51.689998626708984
tensor([20.6745]), 0.0
tensor([170.2876]), 0.0
tensor([170.2876]), 0.0
tensor([170.2829]), 0.0
tensor([170.2867]), 0.0
tensor([28.6937]), 0.0
tensor([126.8615]), 0.0
tensor([163.6202]), 0.0
tensor([170.3150]), 0.0
tensor([170.3176]), 1444.199951171875
tensor([170.2876]), 0.0
tensor([170.2933]), 641.0700073242188
tensor([35.5990]), 0.0
tensor([170.2970]), 0.0
tensor([170.2729]), 0.0
tensor([170.2876]), 0.0
tensor([18.4704]), 0.0
tensor([170.2876]), 0.0
tensor([18.3968]), 0.0
tensor([170.2876]), 0.0
tensor([170.2945]), 0.0
tensor([170.2876]), 0.0
tensor([170.2876]), 0.0
tensor([170.2876]), 0.0
tensor([170.2876]), 0.0
tensor([170.2876]), 0.0
tensor([9.0190]), 0.0
tensor([22.2339]), 0.0
tensor([170.2876]), 0.0
tensor([170.2876]), 0.0
tensor([170.2856]), 163.24000549316406
tensor([170.2876]), 0.0
tensor([170.3060]), 1912.800048828125
tensor([170.2948]), 43.68000030517578
tensor([168.9897]), 435.8299865722656
tensor([170.2876]), 0.0
tensor([170.2876]), 0.0
tensor([14.6858]), 0.0
tensor([170.2876]), 0.0
tensor([170.2876]), 0.6000000238418579
tensor([170.2812]), 33.7599983215332
tensor([170.2876]), 0.0
tensor([169.4463]), 0.0
tensor([169.7833]), 0.0
tensor([170.2724]), 326.70001220703125
tensor([170.3173]), 0.0
tensor([29.2192]), 22.6200008392334
tensor([19.7861]), 0.0
tensor([170.2876]), 0.0
tensor([170.2917]), 0.0
tensor([170.3176]), 1615.52001953125
tensor([170.3174]), 1685.6800537109375
tensor([170.3211]), 0.0
tensor([170.2876]), 0.0
tensor([170.2876]), 0.0
tensor([35.7443]), 0.0
tensor([170.2876]), 0.0
tensor([170.2876]), 0.0
tensor([170.3137]), 831.9199829101562
tensor([170.2868]), 0.0
tensor([170.2876]), 0.0
tensor([170.2876]), 0.0
tensor([170.2874]), 0.0
tensor([170.3149]), 1408.3399658203125
tensor([170.2876]), 0.0
tensor([170.3023]), 0.0
tensor([170.2876]), 0.0
tensor([170.2876]), 0.0
tensor([170.2711]), 0.0
tensor([170.2778]), 0.0
tensor([170.2876]), 0.0
tensor([170.2865]), 538.8900146484375
tensor([170.2876]), 0.0
tensor([170.2876]), 0.0
tensor([170.2876]), 0.0
tensor([170.2876]), 0.0
tensor([170.3069]), 0.0
tensor([170.2639]), 75.68000030517578
tensor([170.2876]), 0.0
tensor([170.2978]), 1710.449951171875
tensor([170.2876]), 0.0
tensor([170.2876]), 0.0
tensor([170.2876]), 0.0
tensor([170.2876]), 0.0
tensor([170.2876]), 0.0
tensor([170.3009]), 0.0
tensor([170.2876]), 0.0
tensor([170.2876]), 0.0
tensor([170.2627]), 30.600000381469727
tensor([170.2876]), 0.0
tensor([170.2876]), 0.0
tensor([170.2519]), 0.0
tensor([170.2800]), 4.5
tensor([170.2587]), 0.0
tensor([170.2858]), 20.950000762939453
tensor([170.3248]), 0.0
tensor([170.2754]), 685.9199829101562
tensor([170.3210]), 131.4600067138672
tensor([170.3129]), 0.0
tensor([170.2714]), 0.0
tensor([170.2876]), 0.0
tensor([52.8105]), 0.0
tensor([170.3014]), 0.0
tensor([170.2816]), 0.0
tensor([170.1575]), 0.0
tensor([72.8435]), 660.6300048828125
tensor([170.2747]), 45.380001068115234
tensor([170.3055]), 0.0
tensor([170.3040]), 0.0
tensor([170.2876]), 0.0
tensor([170.2968]), 0.0
tensor([170.2876]), 0.0
tensor([170.2884]), 0.0
tensor([170.2876]), 0.0
tensor([170.1705]), 0.0
tensor([170.3188]), 0.0
tensor([-1.4347]), 0.0
tensor([170.2712]), 0.0
tensor([170.2876]), 0.0
tensor([170.3059]), 1299.280029296875
tensor([170.2876]), 0.0
tensor([170.2876]), 0.0
tensor([170.2817]), 1472.5
tensor([20.6928]), 0.0
tensor([170.2876]), 0.0
tensor([170.2876]), 0.0
tensor([170.2876]), 0.0
tensor([134.0345]), 42.66999816894531
tensor([170.2876]), 0.0
tensor([168.2438]), 218.0500030517578
tensor([170.2876]), 0.0
tensor([170.3163]), 443.5199890136719
tensor([170.1140]), 396.3999938964844
tensor([170.3094]), 1871.8800048828125
tensor([170.2915]), 0.0
tensor([170.2943]), 0.0
tensor([170.2786]), 6.480000019073486
tensor([170.3187]), 0.0
tensor([170.2853]), 908.0399780273438
tensor([170.2687]), 0.0
tensor([142.9030]), 0.0
tensor([170.2876]), 0.0
tensor([170.2876]), 0.0
tensor([170.2869]), 0.0
tensor([170.2876]), 0.0
tensor([170.2876]), 0.0
tensor([6.1710]), 0.0
tensor([170.2876]), 0.0
tensor([170.2876]), 0.0
tensor([170.3002]), 305.9200134277344
tensor([170.3045]), 0.0
tensor([170.2344]), 0.0
tensor([170.2876]), 0.0
tensor([170.3224]), 0.0
tensor([170.2876]), 0.0
tensor([170.2876]), 0.0
tensor([170.3215]), 0.0
tensor([170.2867]), 16.690000534057617
tensor([170.3161]), 0.0
tensor([170.3031]), 0.0
tensor([170.2876]), 0.0
tensor([170.2876]), 0.0
tensor([170.2876]), 0.0
tensor([57.0485]), 0.0
tensor([170.2836]), 0.0
tensor([170.3002]), 1572.530029296875
tensor([170.2876]), 0.0
tensor([170.2922]), 1778.3499755859375
tensor([170.2314]), 0.0
tensor([170.2876]), 0.0
tensor([170.2983]), 0.0
tensor([162.2050]), 2.0199999809265137
tensor([170.2887]), 537.02001953125
tensor([73.3126]), 0.0
tensor([170.2978]), 0.0
tensor([170.2909]), 0.0
tensor([170.3245]), 0.0
tensor([170.2775]), 43.5099983215332
tensor([170.2766]), 19.399999618530273
tensor([170.2744]), 1431.719970703125
tensor([170.2758]), 147.97000122070312
tensor([170.2960]), 0.0
tensor([170.2806]), 0.0
tensor([80.9716]), 0.0
tensor([170.3081]), 0.0
tensor([170.3134]), 1434.9100341796875
tensor([170.3036]), 1304.8199462890625
tensor([170.2876]), 0.0
tensor([25.9392]), 0.0
tensor([170.2876]), 0.0
tensor([170.2851]), 1312.4599609375
tensor([170.2876]), 0.0
tensor([170.2876]), 10.90999984741211
tensor([170.2753]), 0.0
tensor([23.6290]), 0.0
tensor([170.2943]), 0.0
tensor([170.2948]), 0.0
tensor([14.6750]), 0.0
tensor([170.2876]), 0.0
tensor([170.2910]), 370.8699951171875
tensor([170.2783]), 39.630001068115234
tensor([170.3192]), 1548.0
tensor([170.2876]), 0.0
tensor([170.2790]), 1969.06005859375
tensor([170.2662]), 198.3800048828125
tensor([170.2874]), 22.350000381469727
tensor([170.2876]), 0.0
tensor([170.2876]), 0.0
tensor([18.2816]), 0.0
tensor([170.2779]), 0.0
tensor([170.2754]), 0.0
tensor([170.2876]), 0.0
tensor([170.2944]), 0.0
tensor([170.2806]), 1463.68994140625
tensor([170.2953]), 1731.239990234375
tensor([170.2876]), 0.0
tensor([170.2876]), 0.0
tensor([170.2876]), 0.0
tensor([170.2876]), 0.0
tensor([170.2876]), 0.0
tensor([170.2876]), 0.0
tensor([170.2876]), 0.0
tensor([170.3083]), 1698.760009765625
tensor([170.2876]), 0.0
tensor([170.2876]), 0.0
tensor([170.2876]), 0.0
tensor([37.8881]), 0.0
tensor([170.2937]), 0.0
tensor([165.2311]), 15.1899995803833
tensor([170.2876]), 0.0
tensor([170.2911]), 428.2699890136719
tensor([170.2876]), 0.0
tensor([170.3130]), 0.0
tensor([170.2876]), 0.0
tensor([170.2876]), 0.0
tensor([170.2926]), 0.0
tensor([36.7456]), 0.0
tensor([170.2951]), 0.0
tensor([170.2876]), 0.0
tensor([170.2728]), 0.0
tensor([170.2876]), 0.0
tensor([170.2876]), 0.0
tensor([170.2676]), 6.269999980926514
tensor([170.3024]), 1789.9000244140625
tensor([170.3192]), 0.0
tensor([170.2876]), 0.0
tensor([170.2876]), 0.0
tensor([170.2876]), 0.0
tensor([170.2876]), 0.0
tensor([170.2876]), 0.0
tensor([170.2876]), 0.0
tensor([170.2903]), 0.0
tensor([170.2807]), 0.0
tensor([170.2876]), 0.0
tensor([170.2876]), 0.0
tensor([170.3053]), 879.1199951171875
tensor([170.2876]), 0.0
tensor([170.3122]), 782.3400268554688
tensor([170.2873]), 15.579999923706055
tensor([38.3575]), 0.0
tensor([41.9144]), 0.0
tensor([170.1727]), 0.0
tensor([170.3038]), 0.0
tensor([170.3022]), 35.380001068115234
tensor([170.2876]), 0.0
tensor([170.2876]), 0.0
tensor([170.2970]), 0.0
tensor([170.2876]), 0.0
tensor([169.0394]), 1597.199951171875
tensor([170.2876]), 0.0
tensor([170.2892]), 0.0
tensor([170.2876]), 0.0
tensor([170.2669]), 0.0
tensor([170.2876]), 0.0
tensor([170.1733]), 0.0
tensor([170.2876]), 0.0
tensor([170.2778]), 1115.4300537109375
tensor([170.1940]), 657.0599975585938
tensor([170.2838]), 424.7200012207031
tensor([170.2876]), 0.0
tensor([170.2014]), 0.0
tensor([53.0785]), 0.0
tensor([170.2876]), 0.0
tensor([170.3152]), 532.8099975585938
tensor([61.8802]), 117.80000305175781
tensor([170.2876]), 0.0
tensor([170.2876]), 0.0
tensor([170.2264]), 0.0
tensor([170.3049]), 1382.1500244140625
tensor([170.3146]), 660.6300048828125
tensor([170.3174]), 91.44999694824219
tensor([29.0707]), 0.0
tensor([170.2792]), 350.4100036621094
tensor([170.2876]), 0.0
tensor([170.2876]), 0.0
tensor([170.3124]), 8.829999923706055
tensor([170.2876]), 0.0
tensor([170.2876]), 0.0
tensor([170.2903]), 57.2599983215332
tensor([170.3226]), 0.0
tensor([170.2973]), 1606.449951171875
tensor([170.2876]), 0.0
tensor([170.2876]), 0.0
tensor([170.3265]), 1776.8399658203125
tensor([170.2876]), 0.0
tensor([170.2876]), 0.0
tensor([170.2876]), 0.0
tensor([170.2876]), 0.0
tensor([170.2876]), 0.0
tensor([170.3210]), 0.0
tensor([170.2876]), 0.0
tensor([170.2745]), 0.0
tensor([170.2876]), 0.0
tensor([170.2882]), 0.0
tensor([170.2992]), 1337.3199462890625
tensor([170.3134]), 0.0
tensor([170.2876]), 0.0
tensor([170.2876]), 0.7599999904632568
tensor([170.2876]), 0.0
tensor([170.2876]), 0.0
tensor([170.2876]), 0.0
tensor([170.2760]), 0.0
tensor([170.2876]), 0.0
tensor([170.2876]), 0.0
tensor([170.2876]), 0.0
tensor([170.2876]), 0.0
tensor([170.2873]), 1010.3499755859375
tensor([170.2876]), 0.0
tensor([170.2821]), 0.0
tensor([170.2965]), 0.0
tensor([170.2876]), 0.0
tensor([170.2876]), 0.0
tensor([170.2876]), 0.0
tensor([170.3169]), 0.0
tensor([170.3243]), 1779.1600341796875
tensor([169.6021]), 0.0
tensor([170.2876]), 0.0
tensor([170.2597]), 0.0
tensor([170.2819]), 0.0
tensor([170.3184]), 815.3599853515625
tensor([-0.8948]), 0.0
tensor([170.2876]), 0.0
tensor([170.2876]), 32.439998626708984
tensor([170.2876]), 0.0
tensor([170.2777]), 1337.050048828125
tensor([170.3083]), 0.0
tensor([170.2819]), 0.0
tensor([170.3164]), 608.8499755859375
tensor([170.2876]), 0.0
tensor([170.2876]), 0.0
tensor([170.3113]), 1674.469970703125
tensor([170.2963]), 355.70001220703125
tensor([170.2876]), 0.0
tensor([170.2876]), 0.0
tensor([170.2937]), 1364.8399658203125
tensor([170.2876]), 0.0
tensor([170.2876]), 0.0
tensor([170.2998]), 0.0
tensor([170.2835]), 0.0
tensor([170.2887]), 1087.199951171875
tensor([170.2876]), 0.0
tensor([170.2889]), 0.0
tensor([170.3187]), 631.5800170898438
tensor([170.2876]), 0.0
tensor([170.2876]), 0.0
tensor([170.3215]), 0.0
tensor([163.3174]), 44.959999084472656
tensor([170.2876]), 0.0
tensor([170.2876]), 0.0
tensor([29.7366]), 0.0
tensor([170.3275]), 483.42999267578125
tensor([170.2876]), 0.0
tensor([170.2876]), 0.0
tensor([19.6716]), 0.0
tensor([170.2876]), 0.0
tensor([170.3152]), 10.319999694824219
tensor([170.2876]), 0.0
tensor([170.3091]), 1665.52001953125
tensor([170.2887]), 1306.7900390625
tensor([170.2951]), 0.0
tensor([170.2796]), 35.95000076293945
tensor([170.2876]), 0.0
tensor([170.2934]), 0.0
tensor([170.2876]), 0.0
tensor([170.3075]), 0.0
tensor([170.2876]), 0.0
tensor([170.2876]), 0.0
tensor([170.2778]), 133.69000244140625
tensor([170.2876]), 0.0
tensor([31.0991]), 13.859999656677246
tensor([170.2641]), 1678.5
tensor([170.2876]), 0.0
tensor([170.2855]), 597.4600219726562
tensor([170.2892]), 388.05999755859375
tensor([170.3125]), 1696.5
tensor([170.2876]), 0.0
tensor([170.2989]), 0.0
tensor([170.2865]), 0.0
tensor([170.2876]), 0.0
tensor([7.7622]), 0.0
tensor([170.2719]), 0.0
tensor([170.1615]), 640.6099853515625
tensor([49.5718]), 0.0
tensor([170.2876]), 0.0
tensor([34.7764]), 0.0
tensor([170.2834]), 0.0
tensor([28.8668]), 0.0
tensor([14.2518]), 0.0
tensor([170.2876]), 0.0
tensor([170.2844]), 0.0
tensor([170.2876]), 0.0
tensor([170.2905]), 0.0
tensor([170.2822]), 0.0
tensor([170.3066]), 0.0
tensor([170.3145]), 2.4000000953674316
tensor([170.2871]), 0.0
tensor([170.2928]), 953.7100219726562
tensor([170.2876]), 0.0
tensor([83.1037]), 27.729999542236328
tensor([170.3174]), 0.0
tensor([167.8675]), 0.0
tensor([170.2876]), 0.0
tensor([164.6243]), 11.649999618530273
tensor([170.2876]), 0.0
tensor([53.9558]), 1265.9300537109375
tensor([170.3187]), 0.0
tensor([170.2876]), 0.0
tensor([170.2876]), 0.0
tensor([170.2960]), 1462.719970703125
tensor([170.2894]), 93.44999694824219
tensor([170.2927]), 0.0
tensor([170.2878]), 0.0
tensor([170.2942]), 1657.989990234375
tensor([170.2876]), 0.0
tensor([170.2861]), 0.0
tensor([170.2876]), 0.0
tensor([170.2803]), 0.0
tensor([170.2876]), 0.0
tensor([170.2876]), 0.0
tensor([170.2787]), 0.0
tensor([170.2827]), 1831.8800048828125
tensor([170.2665]), 384.1300048828125
tensor([170.2907]), 710.530029296875
tensor([8.5905]), 0.0
tensor([170.3100]), 0.0
tensor([170.2860]), 0.0
tensor([170.3016]), 0.0
tensor([170.2876]), 0.0
tensor([50.2222]), 0.0
tensor([170.2779]), 1237.510009765625
tensor([170.2483]), 0.0
tensor([170.2179]), 0.0
tensor([170.2654]), 46.4900016784668
tensor([170.3183]), 1686.75
tensor([52.9228]), 0.0
tensor([170.2876]), 0.0
tensor([170.2876]), 0.0
tensor([170.2876]), 0.0
tensor([170.2742]), 0.0
tensor([170.1166]), 1075.780029296875
tensor([170.2876]), 0.0
tensor([170.2876]), 0.0
tensor([170.2829]), 38.08000183105469
tensor([170.2876]), 0.0
tensor([170.2909]), 747.5
tensor([170.2876]), 0.0
tensor([170.2958]), 143.8800048828125
tensor([170.2876]), 0.0
tensor([170.2876]), 0.0
tensor([170.2924]), 0.0
tensor([170.2791]), 130.75
tensor([170.2876]), 0.0
tensor([16.7688]), 0.0
tensor([170.2992]), 1597.6600341796875
tensor([170.2867]), 8.989999771118164
tensor([170.2980]), 0.0
tensor([170.2525]), 0.0
tensor([170.2887]), 27.690000534057617
tensor([170.2876]), 0.0
tensor([170.2845]), 205.38999938964844
tensor([170.2876]), 0.0
tensor([170.2819]), 21.290000915527344
tensor([170.2876]), 0.0
tensor([170.2876]), 0.0
tensor([170.2876]), 0.0
tensor([170.2876]), 0.28999999165534973
tensor([170.2876]), 0.0
tensor([162.2178]), 0.0
tensor([170.2876]), 0.0
tensor([170.3132]), 1347.760009765625
tensor([170.3041]), 209.6199951171875
tensor([170.2876]), 0.0
tensor([170.2777]), 0.0
tensor([170.3109]), 0.0
tensor([170.2876]), 0.0
tensor([170.2876]), 0.0
tensor([170.2876]), 0.0
tensor([170.2876]), 0.0
tensor([170.2876]), 0.0
tensor([170.2478]), 0.0
tensor([170.3034]), 0.0
tensor([170.2796]), 0.0
tensor([170.2876]), 0.0
tensor([170.2876]), 0.0
tensor([170.2866]), 0.0
tensor([170.2818]), 0.0
tensor([170.2941]), 0.0
tensor([170.0786]), 0.0
tensor([170.2751]), 54.619998931884766
tensor([170.3190]), 0.0
tensor([170.2876]), 0.0
tensor([170.2946]), 1440.469970703125
tensor([170.2876]), 0.0
tensor([170.3073]), 0.0
tensor([170.2876]), 0.0
tensor([170.3175]), 581.9400024414062
tensor([170.3046]), 0.0
tensor([170.3167]), 0.0
tensor([170.2876]), 0.0
tensor([170.2986]), 128.5399932861328
tensor([170.2988]), 0.0
tensor([170.2893]), 276.32000732421875
tensor([170.2876]), 0.0
tensor([10.6930]), 0.0
tensor([170.2876]), 0.0
tensor([93.2007]), 0.0
tensor([170.2876]), 0.0
tensor([170.3195]), 0.0
tensor([19.5604]), 0.0
tensor([170.2876]), 0.0
tensor([170.2944]), 0.0
tensor([170.2876]), 0.0
tensor([170.2876]), 0.0
tensor([170.2460]), 0.0
tensor([170.3151]), 827.1900024414062
tensor([170.2736]), 1225.9599609375
tensor([170.2772]), 0.0
tensor([170.2876]), 0.0
tensor([74.6606]), 0.0
tensor([170.3078]), 222.92999267578125
tensor([170.3010]), 1468.5799560546875
tensor([170.2876]), 0.0
tensor([108.5446]), 0.0
tensor([170.3175]), 0.0
tensor([10.6543]), 0.0
tensor([170.2813]), 1409.719970703125
tensor([170.2876]), 0.0
tensor([14.7522]), 0.0
tensor([69.0127]), 1662.8299560546875
tensor([170.2810]), 21.40999984741211
tensor([170.2876]), 0.0
tensor([170.2876]), 0.0
tensor([170.2683]), 0.0
tensor([170.2803]), 0.0
tensor([170.2969]), 277.8599853515625
tensor([170.2755]), 0.0
tensor([170.2876]), 0.0
tensor([170.2876]), 0.0
tensor([170.3106]), 1674.77001953125
tensor([12.8166]), 0.0
tensor([28.0874]), 0.0
tensor([170.2961]), 1304.550048828125
tensor([170.3109]), 1669.97998046875
tensor([170.2888]), 1582.3699951171875
tensor([170.3087]), 183.6699981689453
tensor([170.3040]), 293.7799987792969
tensor([167.5774]), 0.0
tensor([170.3117]), 1714.5999755859375
tensor([170.2876]), 0.0
tensor([170.2924]), 0.0
tensor([170.2862]), 46.119998931884766
tensor([170.3069]), 221.41000366210938
tensor([170.2876]), 0.0
tensor([170.3023]), 1480.22998046875
tensor([170.2745]), 1920.4300537109375
tensor([170.2876]), 0.0
tensor([170.2876]), 0.0
tensor([170.2711]), 1329.06005859375
tensor([170.2837]), 1622.8599853515625
tensor([170.2876]), 0.0
tensor([170.2876]), 0.0
tensor([170.2911]), 0.0
tensor([45.7944]), 0.0
tensor([170.2932]), 1906.0799560546875
tensor([170.3062]), 0.0
tensor([-1.8978]), 0.0
tensor([170.2876]), 0.0
tensor([170.3135]), 0.0
tensor([170.2763]), 0.0
tensor([170.2876]), 0.0
tensor([170.3135]), 0.0
tensor([170.2876]), 0.0
tensor([170.2876]), 0.0
tensor([170.2907]), 1681.199951171875
tensor([170.2876]), 0.0
tensor([170.2887]), 0.0
tensor([170.2876]), 0.0
tensor([-1.8747]), 0.0
tensor([170.3143]), 0.0
tensor([170.2876]), 0.0
tensor([170.2876]), 0.0
tensor([170.2706]), 0.0
tensor([170.2746]), 0.0
tensor([170.2876]), 0.0
tensor([73.0307]), 0.0
tensor([170.2721]), 0.0
tensor([13.3668]), 0.0
tensor([170.3180]), 1722.1800537109375
tensor([39.4666]), 0.0
tensor([170.2876]), 0.0
tensor([20.4994]), 0.0
tensor([68.4170]), 0.0
tensor([170.2876]), 0.0
tensor([170.2497]), 0.0
tensor([170.2879]), 233.52000427246094
tensor([170.2898]), 0.0
tensor([170.3128]), 149.41000366210938
tensor([168.3521]), 0.0
tensor([170.2726]), 0.0
tensor([170.3046]), 0.0
tensor([170.2769]), 0.0
tensor([148.5930]), 644.5
tensor([170.2631]), 0.0
tensor([170.3159]), 2304.35009765625
tensor([170.2926]), 1206.489990234375
tensor([170.2876]), 0.0
tensor([170.3149]), 1575.1300048828125
tensor([170.2935]), 1.5399999618530273
tensor([170.2876]), 0.0
tensor([170.2848]), 645.4199829101562
tensor([170.2814]), 0.0
tensor([170.2876]), 0.0
tensor([170.3158]), 1951.31005859375
tensor([170.3103]), 0.0
tensor([170.2876]), 0.0
tensor([170.3167]), 248.13999938964844
tensor([169.7971]), 0.0
tensor([170.2976]), 106.12999725341797
tensor([170.2876]), 126.19999694824219
tensor([170.2876]), 0.0
tensor([170.2876]), 0.0
tensor([170.2945]), 1356.489990234375
tensor([170.3005]), 68.33999633789062
tensor([170.2876]), 0.0
tensor([170.2876]), 0.0
tensor([28.4705]), 0.0
tensor([170.2570]), 31.049999237060547
tensor([170.2876]), 0.0
tensor([170.2997]), 0.0
tensor([170.2876]), 0.0
tensor([170.2876]), 0.0
tensor([170.2876]), 0.0
tensor([170.2902]), 282.6199951171875
tensor([49.0655]), 0.0
tensor([165.5815]), 0.0
tensor([43.5412]), 0.0
tensor([170.2876]), 0.0
tensor([30.5122]), 0.0
tensor([13.4205]), 0.0
tensor([170.3179]), 239.97999572753906
tensor([170.2768]), 279.8699951171875
tensor([170.3076]), 0.0
tensor([20.0252]), 0.0
tensor([170.2942]), 0.0
tensor([170.2739]), 0.0
tensor([170.2895]), 0.0
tensor([170.2876]), 0.0
tensor([170.2876]), 0.0
tensor([170.2876]), 0.0
tensor([170.2876]), 0.0
tensor([108.8541]), 11.010000228881836
tensor([170.3128]), 1684.199951171875
tensor([170.2865]), 47.099998474121094
tensor([72.5345]), 0.0
tensor([170.3073]), 1572.52001953125
tensor([170.2876]), 0.0
tensor([170.3113]), 1624.780029296875
tensor([170.2734]), 1247.4000244140625
tensor([170.2876]), 0.0
tensor([170.2786]), 154.49000549316406
tensor([170.2876]), 0.0
tensor([170.2876]), 0.0
tensor([170.2876]), 0.0
tensor([170.2876]), 0.0
tensor([170.2876]), 0.0
tensor([170.2876]), 0.0
tensor([170.1166]), 0.0
tensor([170.3035]), 1054.93994140625
tensor([45.3719]), 0.0
tensor([170.3036]), 1722.5899658203125
tensor([170.2876]), 0.0
tensor([170.2755]), 6.949999809265137
tensor([170.2876]), 0.0
tensor([170.1438]), 0.0
tensor([170.2876]), 0.0
tensor([170.2876]), 0.0
tensor([170.3026]), 0.0
tensor([170.3177]), 1452.260009765625
tensor([170.2744]), 1421.3900146484375
tensor([170.2892]), 0.0
tensor([170.2955]), 0.0
tensor([14.6313]), 0.0
tensor([170.2876]), 0.0
tensor([170.3000]), 1551.31005859375
tensor([170.2756]), 0.0
tensor([170.2876]), 0.0
tensor([170.3219]), 0.0
tensor([170.2876]), 0.0
tensor([170.2724]), 0.0
tensor([170.3181]), 0.0
tensor([170.2876]), 0.0
tensor([26.8271]), 0.0
tensor([170.2558]), 1837.6400146484375
tensor([65.4557]), 0.0
tensor([170.2876]), 0.0
tensor([158.9414]), 46.439998626708984
tensor([170.2650]), 1602.3299560546875
tensor([170.3068]), 795.6699829101562
tensor([170.3184]), 159.3800048828125
tensor([170.2876]), 0.0
tensor([170.2971]), 0.0
tensor([170.2876]), 0.0
tensor([170.3130]), 40.95000076293945
tensor([170.2876]), 0.0
tensor([170.2876]), 0.0
tensor([170.2852]), 103.58999633789062
tensor([170.2876]), 0.0
tensor([31.4032]), 0.0
tensor([170.2876]), 0.0
tensor([170.2876]), 0.0
tensor([170.2935]), 221.3000030517578
tensor([21.0342]), 0.0
tensor([145.0408]), 0.0
tensor([17.0054]), 0.0
tensor([170.3108]), 0.0
tensor([170.3102]), 0.0
tensor([170.2719]), 31.3700008392334
tensor([170.2876]), 0.0
tensor([170.2876]), 0.0
tensor([169.6408]), 473.2200012207031
tensor([170.2923]), 0.0
tensor([170.2652]), 44.63999938964844
tensor([170.3130]), 553.6599731445312
tensor([170.2962]), 109.55999755859375
tensor([170.2762]), 324.55999755859375
tensor([170.2876]), 0.0
tensor([170.2876]), 0.0
tensor([69.6570]), 0.0
tensor([170.2876]), 0.0
tensor([170.2876]), 0.0
tensor([170.3020]), 143.22000122070312
tensor([170.2876]), 0.0
tensor([170.2731]), 33.369998931884766
tensor([170.2876]), 0.0
tensor([170.2797]), 7.050000190734863
tensor([170.2876]), 0.0
tensor([170.2876]), 0.0
tensor([170.2972]), 0.0
tensor([31.9723]), 0.0
tensor([170.3211]), 1768.699951171875
tensor([170.2876]), 0.0
tensor([170.3159]), 0.0
tensor([170.3050]), 0.0
tensor([170.2876]), 0.0
tensor([170.2876]), 0.0
tensor([26.2517]), 0.0
tensor([170.2876]), 0.0
tensor([170.2876]), 0.0
tensor([170.2876]), 0.0
tensor([44.9824]), 0.0
tensor([170.2904]), 0.0
tensor([170.2997]), 5.409999847412109
tensor([170.2876]), 0.0
tensor([170.2876]), 0.0
tensor([170.2876]), 0.0
tensor([170.2828]), 1.2200000286102295
tensor([170.3184]), 0.0
tensor([167.3918]), 1633.6199951171875
tensor([170.1735]), 1056.1300048828125
tensor([170.3085]), 0.0
tensor([25.3465]), 0.0
tensor([170.2880]), 158.14999389648438
tensor([170.2973]), 0.0
tensor([170.2762]), 1769.4599609375
tensor([170.2871]), 0.0
tensor([170.2876]), 0.0
tensor([170.2876]), 0.0
tensor([170.2876]), 0.0
tensor([164.1469]), 3.4800000190734863
tensor([170.2791]), 0.0
tensor([170.2976]), 183.77000427246094
tensor([170.3031]), 0.0
tensor([169.8658]), 2288.919921875
tensor([170.2876]), 0.0
tensor([170.2978]), 0.0
tensor([170.2993]), 0.0
tensor([170.3164]), 0.0
tensor([170.2876]), 0.0
tensor([170.3061]), 0.0
tensor([170.3142]), 0.0
tensor([170.2905]), 70.19999694824219
tensor([19.9254]), 0.0
tensor([170.2872]), 0.0
tensor([170.2793]), 0.0
tensor([68.5567]), 0.0
tensor([170.2672]), 0.0
tensor([170.2988]), 1473.47998046875
tensor([170.3115]), 0.0
tensor([170.3228]), 0.0
tensor([170.2876]), 0.0
tensor([170.3058]), 0.0
tensor([170.2902]), 0.0
tensor([170.2893]), 1321.3499755859375
tensor([170.2876]), 0.0
tensor([59.1726]), 429.6300048828125
tensor([25.0771]), 0.0
tensor([170.2876]), 0.0
tensor([170.2747]), 1579.760009765625
tensor([58.5321]), 0.0
tensor([170.2876]), 0.0
tensor([170.2876]), 0.0
tensor([170.2976]), 0.0
tensor([170.3025]), 291.9100036621094
tensor([170.2876]), 0.0
tensor([170.2887]), 1459.9200439453125
tensor([170.2871]), 1185.4100341796875
tensor([170.2883]), 24.290000915527344
tensor([170.2876]), 0.0
tensor([170.2991]), 0.0
tensor([170.2909]), 734.5800170898438
tensor([73.5079]), 77.76000213623047
tensor([170.2876]), 0.0
tensor([170.2982]), 2.7699999809265137
tensor([170.2876]), 0.0
tensor([170.2944]), 229.24000549316406
tensor([170.1654]), 51.61000061035156
tensor([170.2876]), 0.0
tensor([170.3083]), 1918.780029296875
tensor([170.2876]), 0.0
tensor([170.2876]), 0.0
tensor([170.2574]), 0.0
tensor([170.2876]), 2.059999942779541
tensor([128.8127]), 0.0
tensor([170.3207]), 192.50999450683594
tensor([170.2876]), 0.0
tensor([170.2876]), 0.0
tensor([170.2876]), 0.0
tensor([169.8855]), 243.38999938964844
tensor([170.2876]), 0.0
tensor([170.3139]), 0.0
tensor([170.3014]), 0.0
tensor([170.2876]), 0.0
tensor([170.3082]), 0.0
tensor([170.3061]), 0.0
tensor([170.2859]), 86.79000091552734
tensor([170.2876]), 0.0
tensor([170.2739]), 12.579999923706055
tensor([170.3005]), 0.0
tensor([70.8152]), 0.0
tensor([170.2876]), 0.0
tensor([21.2299]), 0.0
tensor([167.3148]), 0.0
tensor([170.3042]), 1556.3499755859375
tensor([170.2896]), 1384.8699951171875
tensor([170.2954]), 68.04000091552734
tensor([170.2876]), 0.0
tensor([170.2876]), 67.63999938964844
tensor([170.3237]), 0.0
tensor([170.2876]), 0.0
tensor([170.2876]), 0.0
tensor([170.2601]), 1585.5799560546875
tensor([170.2743]), 1377.0
tensor([13.4775]), 0.0
tensor([170.2876]), 0.0
tensor([170.2876]), 0.0
tensor([170.2876]), 0.0
tensor([170.2690]), 0.0
tensor([170.2813]), 8.510000228881836
tensor([170.2876]), 0.0
tensor([170.2876]), 0.0
tensor([170.2668]), 8.210000038146973
tensor([169.9576]), 0.0
tensor([170.2763]), 0.0
tensor([170.2876]), 0.0
tensor([92.0318]), 0.0
tensor([132.7961]), 0.0
tensor([170.2876]), 0.0
tensor([170.2906]), 0.0
tensor([170.3028]), 280.4800109863281
tensor([170.3015]), 4.300000190734863
tensor([170.2921]), 0.0
tensor([170.2876]), 0.0
tensor([170.2876]), 0.0
tensor([170.2814]), 7.519999980926514
tensor([170.2869]), 0.0
tensor([170.2876]), 0.0
tensor([168.2494]), 336.20001220703125
tensor([170.2727]), 0.0
tensor([170.2876]), 0.0
tensor([170.2876]), 0.0
tensor([169.0104]), 280.29998779296875
tensor([170.2988]), 40.540000915527344
tensor([170.2876]), 0.0
tensor([170.2888]), 1277.260009765625
tensor([32.0233]), 0.0
tensor([170.2870]), 1236.8699951171875
tensor([170.3056]), 0.0
tensor([170.2901]), 180.44000244140625
tensor([170.3103]), 0.0
tensor([170.2678]), 364.70001220703125
tensor([170.3130]), 0.0
tensor([170.2876]), 0.0
tensor([170.2998]), 0.0
tensor([170.2876]), 0.0
tensor([170.2876]), 0.0
tensor([170.2876]), 0.0
tensor([170.2908]), 0.0
tensor([170.2876]), 0.0
tensor([170.2732]), 0.0
tensor([132.9321]), 0.0
tensor([170.2876]), 0.0
tensor([170.3025]), 0.0
tensor([170.2920]), 0.0
tensor([170.2876]), 0.0
tensor([31.9697]), 0.0
tensor([170.3020]), 0.0
tensor([170.2876]), 0.0
tensor([170.2876]), 51.15999984741211
tensor([170.2876]), 0.0
tensor([170.2927]), 0.0
tensor([170.3174]), 1689.739990234375
tensor([170.1734]), 551.52001953125
tensor([170.3132]), 748.489990234375
tensor([170.2646]), 0.0
tensor([170.2781]), 10.119999885559082
tensor([170.2876]), 0.0
tensor([170.3021]), 0.0
tensor([170.2876]), 0.0
tensor([170.2766]), 1479.530029296875
tensor([17.7482]), 0.0
tensor([170.2876]), 0.0
tensor([170.2876]), 0.0
tensor([170.2876]), 0.0
tensor([170.2876]), 0.0
tensor([170.3074]), 1605.989990234375
tensor([170.2876]), 0.0
tensor([170.2876]), 0.0
tensor([170.2876]), 0.0
tensor([170.2876]), 0.0
tensor([170.2876]), 0.0
tensor([169.0685]), 0.0
tensor([170.2876]), 0.0
tensor([170.2998]), 328.0199890136719
tensor([170.2876]), 0.0
tensor([170.2876]), 0.0
tensor([170.2850]), 5.389999866485596
tensor([170.2910]), 0.0
tensor([170.2837]), 0.0
tensor([170.3247]), 0.0
tensor([170.3086]), 118.19999694824219
tensor([170.2876]), 0.0
tensor([170.2876]), 0.0
tensor([170.2972]), 0.0
tensor([170.2876]), 0.0
tensor([19.5502]), 0.0
tensor([169.8863]), 162.86000061035156
tensor([170.3168]), 1176.239990234375
tensor([170.2821]), 0.0
tensor([170.2876]), 0.0
tensor([170.2876]), 0.0
tensor([170.2727]), 200.9499969482422
tensor([167.6346]), 79.80000305175781
tensor([170.2876]), 0.0
tensor([170.2853]), 86.69000244140625
tensor([170.2454]), 1677.449951171875
tensor([170.2876]), 0.0
tensor([170.2876]), 0.0
tensor([170.2876]), 0.0
tensor([170.2608]), 17.440000534057617
tensor([170.3018]), 27.829999923706055
tensor([170.1232]), 627.27001953125
tensor([170.2876]), 0.0
tensor([170.2876]), 0.0
tensor([170.2915]), 155.86000061035156
tensor([59.7706]), 1036.06005859375
tensor([127.4233]), 1550.1600341796875
tensor([170.2876]), 0.0
tensor([170.2754]), 402.45001220703125
tensor([170.3044]), 1477.4300537109375
tensor([170.2876]), 0.0
tensor([170.2876]), 0.0
tensor([170.3008]), 0.0
tensor([170.2876]), 0.0
tensor([149.8669]), 0.0
tensor([170.2876]), 0.0
tensor([40.8914]), 0.0
tensor([170.2876]), 0.0
tensor([170.2760]), 116.12000274658203
tensor([170.2876]), 0.0
tensor([170.2733]), 0.0
tensor([42.9884]), 0.0
tensor([170.2876]), 0.0
tensor([170.2876]), 0.0
tensor([170.2876]), 0.0
tensor([170.2845]), 0.0
tensor([170.2999]), 1217.9200439453125
tensor([170.3196]), 307.7099914550781
tensor([170.2776]), 254.50999450683594
tensor([170.3077]), 0.0
tensor([170.2876]), 0.0
tensor([13.2812]), 0.0
tensor([170.2884]), 0.0
tensor([170.2876]), 0.0
tensor([170.2876]), 0.0
tensor([170.2876]), 0.0
tensor([170.1797]), 723.72998046875
tensor([170.3061]), 0.0
tensor([170.2876]), 0.0
tensor([170.2842]), 0.0
tensor([36.6511]), 0.0
tensor([170.2876]), 0.0
tensor([40.8928]), 0.0
tensor([170.2836]), 797.2100219726562
tensor([170.2903]), 1315.1199951171875
tensor([149.1781]), 0.0
tensor([170.1384]), 0.0
tensor([170.2876]), 60.279998779296875
tensor([170.2876]), 0.0
tensor([170.2763]), 0.0
tensor([170.2876]), 0.0
tensor([170.2876]), 0.0
tensor([170.2876]), 0.0
tensor([21.4957]), 0.0
tensor([170.2823]), 1722.1400146484375
tensor([170.2843]), 238.17999267578125
tensor([170.2876]), 0.0
tensor([170.3011]), 0.0
tensor([52.0087]), 0.0
tensor([170.3037]), 917.760009765625
tensor([118.5866]), 0.0
tensor([170.2615]), 0.0
tensor([170.2876]), 0.0
tensor([170.2920]), 0.0
tensor([170.2876]), 0.0
tensor([170.2949]), 10.90999984741211
tensor([9.5787]), 0.0
tensor([170.2876]), 0.0
tensor([170.3216]), 491.5
tensor([15.0424]), 0.0
tensor([170.2987]), 0.0
tensor([157.1376]), 75.62000274658203
tensor([170.2876]), 0.0
tensor([170.2876]), 0.0
tensor([170.3050]), 0.0
tensor([170.2876]), 0.0
tensor([170.1356]), 0.0
tensor([45.0400]), 0.0
tensor([32.7987]), 0.0
tensor([51.1663]), 0.0
tensor([20.1922]), 0.0
tensor([170.2876]), 0.0
tensor([170.3179]), 0.0
tensor([170.2150]), 0.0
tensor([170.3113]), 0.0
tensor([16.7411]), 0.0
tensor([170.2876]), 0.0
tensor([170.2737]), 1705.5
tensor([170.2876]), 0.0
tensor([170.2876]), 0.0
tensor([170.2876]), 0.0
tensor([169.3410]), 0.0
tensor([170.2718]), 0.0
tensor([170.3238]), 0.0
tensor([170.2950]), 0.0
tensor([170.2876]), 0.0
tensor([170.2841]), 0.0
tensor([170.2876]), 0.0
tensor([148.7834]), 0.0
tensor([170.2905]), 26.780000686645508
tensor([170.2925]), 0.0
tensor([170.2876]), 0.0
tensor([170.3140]), 0.0
tensor([170.0826]), 0.0
tensor([170.3164]), 0.0
tensor([170.2841]), 1322.6800537109375
tensor([170.2876]), 0.0
tensor([170.2727]), 43.02000045776367
tensor([170.2935]), 0.0
tensor([170.2876]), 0.0
tensor([170.2971]), 0.0
tensor([170.2876]), 0.0
tensor([170.2808]), 0.0
tensor([170.2876]), 0.0
tensor([170.2876]), 0.0
tensor([170.2906]), 0.0
tensor([170.2876]), 0.0
tensor([170.2876]), 0.0
tensor([170.2876]), 0.0
tensor([170.2876]), 0.0
tensor([170.3020]), 165.6699981689453
tensor([170.3042]), 1189.81005859375
tensor([170.2876]), 0.0
tensor([170.3017]), 0.0
tensor([170.3136]), 421.7200012207031
tensor([170.2876]), 0.0
tensor([170.2850]), 20.329999923706055
tensor([170.2876]), 0.0
tensor([170.2829]), 1814.260009765625
tensor([54.9757]), 0.0
tensor([170.2811]), 0.0
tensor([170.2874]), 0.0
tensor([170.2876]), 0.0
tensor([170.3056]), 1567.4300537109375
tensor([170.2876]), 0.0
tensor([170.2547]), 0.0
tensor([170.3008]), 0.0
tensor([170.2816]), 1347.0899658203125
tensor([170.3097]), 1474.6199951171875
tensor([170.2789]), 0.0
tensor([170.2986]), 0.0
tensor([170.2876]), 0.0
tensor([170.2876]), 0.0
tensor([170.2447]), 0.0
tensor([65.1862]), 0.0
tensor([170.2876]), 0.0
tensor([14.0061]), 0.0
tensor([170.2906]), 0.0
tensor([170.2876]), 0.0
tensor([169.9659]), 1085.4000244140625
tensor([170.2876]), 0.0
tensor([42.7046]), 0.0
tensor([170.2876]), 0.0
tensor([170.2876]), 0.0
tensor([32.2014]), 0.0
tensor([170.2949]), 1414.530029296875
tensor([170.2609]), 0.0
tensor([170.2814]), 0.0
tensor([170.2227]), 0.0
tensor([170.2876]), 33.029998779296875
tensor([170.2944]), 271.0799865722656
tensor([170.2757]), 0.0
tensor([170.2955]), 18.3700008392334
tensor([170.3161]), 0.0
tensor([170.3006]), 0.0
tensor([170.2876]), 0.0
tensor([170.2876]), 0.0
tensor([170.2764]), 236.86000061035156
tensor([170.2695]), 332.0
tensor([170.2876]), 0.0
tensor([170.2786]), 321.9599914550781
tensor([170.3090]), 1707.5
tensor([170.2934]), 1382.8499755859375
tensor([170.2202]), 0.0
tensor([170.3237]), 1021.4099731445312
tensor([170.2876]), 0.0
tensor([170.3036]), 806.52001953125
tensor([170.2876]), 0.0
tensor([170.2917]), 1114.8199462890625
tensor([170.2924]), 1727.9100341796875
tensor([170.2876]), 0.0
tensor([20.9580]), 0.0
tensor([170.2876]), 102.77999877929688
tensor([170.2932]), 0.0
tensor([170.2282]), 0.0
tensor([170.2668]), 0.0
tensor([42.2451]), 0.0
tensor([170.2763]), 1086.0
tensor([170.2876]), 0.0
tensor([170.2811]), 0.0
tensor([168.8601]), 0.0
tensor([170.3224]), 0.0
tensor([170.2876]), 0.0
tensor([170.2850]), 0.0
tensor([170.2876]), 0.0
tensor([170.2892]), 338.3399963378906
tensor([170.2876]), 0.0
tensor([33.9588]), 0.0
tensor([170.2876]), 0.0
tensor([34.1928]), 0.0
tensor([170.2876]), 0.0
tensor([169.8728]), 1712.780029296875
tensor([170.3035]), 1285.469970703125
tensor([170.2876]), 0.0
tensor([170.3128]), 0.0
tensor([170.2876]), 0.0
tensor([170.2876]), 0.0
tensor([170.2545]), 1020.010009765625
tensor([170.2830]), 267.010009765625
tensor([170.2620]), 0.0
tensor([170.3194]), 228.13999938964844
tensor([170.2928]), 186.89999389648438
tensor([170.3025]), 0.0
tensor([170.2876]), 0.0
tensor([170.2876]), 0.0
tensor([170.2860]), 285.4800109863281
tensor([29.6817]), 0.0
tensor([170.2916]), 0.0
tensor([158.2940]), 0.0
tensor([170.2876]), 0.0
tensor([170.2876]), 0.0
tensor([170.2842]), 0.0
tensor([170.2922]), 0.0
tensor([169.5516]), 0.0
tensor([170.2876]), 0.0
tensor([26.2942]), 0.0
tensor([170.2853]), 0.0
tensor([170.2876]), 0.0
tensor([170.2876]), 0.0
tensor([170.2762]), 0.0
tensor([170.2876]), 0.0
tensor([166.8685]), 0.0
tensor([170.2757]), 0.0
tensor([170.2876]), 0.0
tensor([170.3049]), 1661.800048828125
tensor([170.2876]), 0.0
tensor([170.2876]), 0.0
tensor([170.2845]), 62.04999923706055
tensor([170.2876]), 0.0
tensor([170.3118]), 1696.949951171875
tensor([170.2876]), 0.0
tensor([170.2876]), 0.0
tensor([164.5161]), 0.0
tensor([170.2876]), 0.0
tensor([170.2876]), 0.0
tensor([170.2876]), 0.0
tensor([170.2909]), 0.0
tensor([170.1558]), 0.0
tensor([170.2876]), 0.0
tensor([22.9237]), 0.0
tensor([170.3062]), 0.0
tensor([170.2876]), 0.0
tensor([170.2760]), 247.0800018310547
tensor([170.2924]), 2035.72998046875
tensor([170.2876]), 0.0
tensor([170.2876]), 0.0
tensor([170.2876]), 0.0
tensor([170.2876]), 0.0
tensor([170.2857]), 96.27999877929688
tensor([170.2876]), 0.0
tensor([170.3031]), 218.97000122070312
tensor([170.2862]), 429.3900146484375
tensor([170.2876]), 0.0
tensor([170.2764]), 156.08999633789062
tensor([170.2876]), 0.0
tensor([112.9558]), 0.0
tensor([170.3030]), 0.0
tensor([170.2002]), 0.0
tensor([169.8404]), 0.0
tensor([22.9870]), 0.0
tensor([16.0767]), 0.0
tensor([170.2876]), 0.0
tensor([170.2876]), 0.0
tensor([170.2900]), 0.0
tensor([170.2758]), 32.540000915527344
tensor([170.2876]), 0.0
tensor([170.2876]), 0.0
tensor([170.2939]), 0.0
tensor([170.2876]), 0.0
tensor([11.1226]), 0.0
tensor([154.8803]), 0.0
tensor([170.2876]), 0.0
tensor([170.2761]), 0.0
tensor([46.0861]), 0.0
tensor([170.2876]), 0.0
tensor([0.2714]), 0.0
tensor([170.2876]), 0.0
tensor([170.2876]), 0.0
tensor([170.2876]), 0.0
tensor([170.2648]), 29.65999984741211
tensor([170.2986]), 66.08999633789062
tensor([170.2876]), 0.0
tensor([170.2876]), 0.0
tensor([170.2845]), 0.0
tensor([19.6549]), 0.0
tensor([170.2839]), 0.0
tensor([170.2876]), 0.0
tensor([170.2838]), 0.0
tensor([170.3030]), 0.0
tensor([170.2876]), 0.0
tensor([169.9561]), 0.0
tensor([16.8566]), 0.0
tensor([170.2876]), 0.0
tensor([170.2876]), 0.0
tensor([170.2876]), 0.0
tensor([170.2876]), 0.0
tensor([170.2849]), 1592.1199951171875
tensor([30.8178]), 0.0
tensor([170.2876]), 0.0
tensor([170.2755]), 3.950000047683716
tensor([170.2845]), 0.0
tensor([169.3776]), 0.0
tensor([170.2848]), 36.290000915527344
tensor([170.2876]), 0.0
tensor([170.3185]), 336.20001220703125
tensor([170.2835]), 1031.1199951171875
tensor([170.2842]), 1013.010009765625
tensor([170.3061]), 0.0
tensor([170.3013]), 0.0
tensor([170.2876]), 0.0
tensor([170.2952]), 0.0
tensor([170.2876]), 0.0
tensor([170.2773]), 0.0
tensor([170.2864]), 45.86000061035156
tensor([170.2876]), 0.0
tensor([169.6223]), 0.0
tensor([170.3013]), 284.4700012207031
tensor([170.2824]), 1364.1600341796875
tensor([170.2992]), 1554.469970703125
tensor([170.2876]), 0.0
tensor([170.2876]), 0.0
tensor([170.2697]), 118.5199966430664
tensor([170.2936]), 0.0
tensor([170.3150]), 1709.3199462890625
tensor([170.2861]), 1824.8399658203125
tensor([170.2876]), 0.0
tensor([170.2876]), 0.0
tensor([170.1117]), 1661.3399658203125
tensor([170.2876]), 0.0
tensor([152.3916]), 18.639999389648438
tensor([170.2876]), 0.0
tensor([170.3066]), 1657.3299560546875
tensor([170.3043]), 0.0
tensor([170.2830]), 0.0
tensor([69.2595]), 0.0
tensor([170.3241]), 428.8800048828125
tensor([22.3485]), 0.0
tensor([170.2876]), 0.0
tensor([170.2876]), 0.0
tensor([170.3040]), 0.0
tensor([170.2876]), 0.0
tensor([169.5738]), 70.16000366210938
tensor([170.3142]), 1557.7900390625
tensor([170.3164]), 0.0
tensor([170.2876]), 0.0
tensor([170.2876]), 0.0
tensor([170.2876]), 0.0
tensor([170.2876]), 0.0
tensor([170.2765]), 1874.6099853515625
tensor([170.2876]), 0.0
tensor([170.0306]), 1089.0
tensor([170.3061]), 168.74000549316406
tensor([169.6884]), 1671.780029296875
tensor([170.2831]), 0.0
tensor([170.3221]), 1818.1800537109375
tensor([170.2866]), 11.84000015258789
tensor([170.3112]), 30.600000381469727
tensor([170.2876]), 0.0
tensor([170.2876]), 0.0
tensor([170.2733]), 188.8699951171875
tensor([170.2876]), 0.0
tensor([22.4983]), 0.0
tensor([170.2876]), 0.0
tensor([170.2939]), 0.0
tensor([170.2962]), 1034.2900390625
tensor([22.7366]), 0.0
tensor([170.2920]), 0.0
tensor([170.2876]), 0.0
tensor([170.2876]), 0.0
tensor([170.2758]), 195.55999755859375
tensor([170.2869]), 1333.7099609375
tensor([170.2816]), 164.6300048828125
tensor([170.3039]), 0.0
tensor([130.1013]), 0.0
tensor([170.2990]), 39.560001373291016
tensor([170.2716]), 2024.550048828125
tensor([170.3118]), 2022.6099853515625
tensor([170.3163]), 698.7100219726562
tensor([170.2876]), 0.0
tensor([170.2755]), 0.0
tensor([170.2934]), 0.0
tensor([170.2880]), 0.0
tensor([170.3145]), 719.7999877929688
tensor([170.2876]), 0.0
tensor([170.3073]), 1667.719970703125
tensor([170.2876]), 0.0
tensor([20.5017]), 0.0
tensor([170.2876]), 0.0
tensor([170.2876]), 0.0
tensor([13.4941]), 0.0
tensor([170.2876]), 0.0
tensor([170.0605]), 10.199999809265137
tensor([98.5665]), 7.519999980926514
tensor([170.2876]), 0.0
tensor([170.2876]), 0.0
tensor([170.2780]), 0.0
tensor([170.2728]), 1659.8199462890625
tensor([170.2788]), 1038.9599609375
tensor([170.2871]), 277.8599853515625
tensor([170.2909]), 0.0
tensor([170.3162]), 0.0
tensor([170.2999]), 753.47998046875
tensor([170.2876]), 0.0
tensor([170.2767]), 98.62000274658203
tensor([170.2876]), 0.0
tensor([145.3338]), 580.3599853515625
tensor([170.2876]), 0.0
tensor([170.2716]), 0.0
tensor([31.5306]), 0.0
tensor([170.2727]), 0.0
tensor([170.2876]), 0.0
tensor([170.2876]), 0.0
tensor([170.2886]), 0.0
tensor([170.2852]), 1112.97998046875
tensor([170.2876]), 0.0
tensor([170.2887]), 0.0
tensor([170.2876]), 0.0
tensor([170.3213]), 1346.68994140625
tensor([170.2922]), 0.0
tensor([18.8319]), 0.0
tensor([170.2876]), 0.0
tensor([170.3016]), 95.58000183105469
tensor([44.7214]), 0.0
tensor([170.2929]), 0.0
tensor([170.3219]), 0.0
tensor([170.2845]), 262.1400146484375
tensor([8.0297]), 0.0
tensor([136.3733]), 590.52001953125
tensor([170.2725]), 0.0
tensor([170.2876]), 11.880000114440918
tensor([170.3041]), 0.0
tensor([170.2936]), 731.0999755859375
tensor([170.3134]), 0.0
tensor([170.2892]), 0.0
tensor([170.2712]), 0.0
tensor([170.2876]), 0.0
tensor([7.7165]), 0.0
tensor([170.2876]), 0.0
tensor([170.3032]), 1625.0799560546875
tensor([170.2876]), 0.0
tensor([170.2876]), 0.0
tensor([170.2868]), 630.02001953125
tensor([170.2747]), 0.0
tensor([170.2876]), 0.0
tensor([170.2876]), 0.0
tensor([170.2930]), 1698.449951171875
tensor([170.2876]), 0.0
tensor([170.2876]), 109.75
tensor([170.2823]), 0.0
tensor([170.3251]), 431.8900146484375
tensor([170.2876]), 0.0
tensor([170.2778]), 346.4599914550781
tensor([170.2876]), 0.0
tensor([170.2194]), 331.3399963378906
tensor([170.2876]), 0.0
tensor([170.3071]), 0.0
tensor([170.2726]), 226.74000549316406
tensor([115.7812]), 0.0
tensor([170.3026]), 34.29999923706055
tensor([10.2189]), 0.0
tensor([170.2876]), 0.0
tensor([170.2876]), 0.0
tensor([170.2849]), 38.470001220703125
tensor([170.2876]), 0.0
tensor([170.2940]), 75.36000061035156
tensor([170.3123]), 133.13999938964844
tensor([170.3113]), 1684.5
tensor([170.2876]), 0.0
tensor([170.2876]), 0.0
tensor([170.2876]), 0.0
tensor([170.2876]), 0.0
tensor([170.2635]), 0.0
tensor([170.2876]), 0.0
tensor([170.2876]), 0.0
tensor([170.2871]), 0.0
tensor([170.3157]), 10.119999885559082
tensor([170.2872]), 129.36000061035156
tensor([170.2054]), 0.0
tensor([170.3139]), 711.989990234375
tensor([170.2822]), 0.0
tensor([170.2959]), 1658.3399658203125
tensor([11.8118]), 0.0
tensor([20.3190]), 0.0
tensor([170.3063]), 0.0
tensor([170.2991]), 1527.93994140625
tensor([170.3132]), 1653.9200439453125
tensor([170.2876]), 0.0
tensor([170.3194]), 2.0
tensor([170.2876]), 0.0
tensor([170.2806]), 1374.68994140625
tensor([170.2876]), 0.0
tensor([170.2803]), 1777.6099853515625
tensor([170.2883]), 1547.989990234375
tensor([170.2683]), 359.70001220703125
tensor([170.2876]), 0.0
tensor([170.3163]), 115.04000091552734
tensor([170.1696]), 1725.199951171875
tensor([29.1176]), 0.0
tensor([170.2891]), 1576.8499755859375
tensor([170.2876]), 0.0
tensor([170.2876]), 0.0
tensor([170.2920]), 0.0
tensor([170.2754]), 1626.260009765625
tensor([170.2876]), 0.0
tensor([10.9350]), 0.0
tensor([170.2876]), 0.3400000035762787
tensor([27.0762]), 0.0
tensor([56.8322]), 0.0
tensor([170.2947]), 315.25
tensor([170.3191]), 0.0
tensor([170.2876]), 0.0
tensor([170.2861]), 887.7999877929688
tensor([170.2941]), 64.37999725341797
tensor([129.8006]), 0.0
tensor([170.2876]), 0.0
tensor([170.3017]), 0.0
tensor([170.2876]), 0.0
tensor([170.3125]), 450.8599853515625
tensor([170.2962]), 0.0
tensor([170.2876]), 0.0
tensor([170.2838]), 815.6599731445312
tensor([170.2876]), 0.0
tensor([170.2826]), 1288.0899658203125
tensor([141.9109]), 0.0
tensor([170.3120]), 1713.0
tensor([170.3032]), 0.0
tensor([170.2876]), 0.0
tensor([170.2943]), 197.3699951171875
tensor([170.2876]), 0.0
tensor([170.3116]), 1499.5400390625
tensor([170.2876]), 0.0
tensor([158.0658]), 0.0
tensor([170.2876]), 0.0
tensor([170.2812]), 3.440000057220459
tensor([170.2876]), 0.0
tensor([170.2948]), 2.6600000858306885
tensor([18.2894]), 0.0
tensor([170.2876]), 0.0
tensor([170.2876]), 0.0
tensor([170.2953]), 0.0
tensor([170.3098]), 224.57000732421875
tensor([170.2876]), 0.0
tensor([170.2904]), 0.0
tensor([28.2908]), 0.0
tensor([170.2876]), 0.0
tensor([170.2876]), 0.0
tensor([170.2775]), 467.2799987792969
tensor([170.2597]), 0.0
tensor([170.2876]), 0.0
tensor([170.2876]), 0.0
tensor([170.2876]), 0.0
tensor([170.2876]), 0.0
tensor([170.2876]), 0.0
tensor([7.5351]), 0.0
tensor([170.2749]), 0.0
tensor([170.3119]), 244.82000732421875
tensor([170.2883]), 199.58999633789062
tensor([170.2876]), 0.0
tensor([169.7744]), 0.0
tensor([170.2876]), 0.0
tensor([17.4136]), 35.529998779296875
tensor([170.3071]), 0.0
tensor([170.2876]), 0.0
tensor([170.2876]), 0.0
tensor([18.7575]), 0.0
tensor([170.2928]), 1615.1400146484375
tensor([161.9402]), 394.44000244140625
tensor([170.2876]), 0.0
tensor([170.2876]), 10.020000457763672
tensor([170.2966]), 23.219999313354492
tensor([170.2914]), 237.8800048828125
tensor([170.2876]), 0.0
tensor([170.3269]), 503.4599914550781
tensor([170.2973]), 137.16000366210938
tensor([33.0437]), 1510.5799560546875
tensor([170.2876]), 0.0
tensor([170.2849]), 1118.1199951171875
tensor([170.3182]), 878.9099731445312
tensor([170.2865]), 525.0
tensor([170.3229]), 0.0
tensor([170.2925]), 393.1300048828125
tensor([170.0230]), 0.0
tensor([170.2898]), 124.36000061035156
tensor([170.2943]), 0.0
tensor([170.2585]), 0.0
tensor([170.3015]), 320.6499938964844
tensor([170.2876]), 0.0
tensor([170.2895]), 0.0
tensor([170.2876]), 0.0
tensor([170.2876]), 0.0
tensor([170.2992]), 165.5800018310547
tensor([170.2876]), 0.0
tensor([170.2860]), 0.0
tensor([170.3151]), 0.0
tensor([168.4399]), 0.0
tensor([170.2724]), 0.0
tensor([170.3058]), 735.3699951171875
tensor([38.4395]), 59.29999923706055
tensor([170.2774]), 0.0
tensor([170.2925]), 1653.9100341796875
tensor([170.2893]), 0.0
tensor([170.3103]), 0.0
tensor([170.2833]), 1446.280029296875
tensor([170.3043]), 1433.8199462890625
tensor([68.9262]), 0.0
tensor([170.2876]), 0.0
tensor([170.2853]), 88.22000122070312
tensor([170.2876]), 0.0
tensor([170.2876]), 0.0
tensor([170.2869]), 275.6099853515625
tensor([170.2876]), 0.0
tensor([170.2876]), 0.0
tensor([170.2876]), 0.0
tensor([170.2813]), 11.899999618530273
tensor([170.2932]), 0.0
tensor([170.2769]), 0.0
tensor([170.3183]), 0.0
tensor([170.2876]), 0.0
tensor([-2.3810]), 0.0
tensor([170.2924]), 0.0
tensor([170.2876]), 0.0
tensor([19.6182]), 0.0
tensor([170.2876]), 0.0
tensor([170.2876]), 0.0
tensor([170.2877]), 0.0
tensor([170.2876]), 0.0
tensor([170.3161]), 114.2699966430664
tensor([170.3015]), 189.0
tensor([170.2829]), 22.18000030517578
tensor([170.3191]), 1707.800048828125
tensor([170.2862]), 41.83000183105469
tensor([170.2876]), 0.0
tensor([170.2876]), 32.86000061035156
tensor([170.2876]), 0.0
tensor([170.2876]), 0.0
tensor([170.2876]), 0.0
tensor([170.2876]), 0.0
tensor([170.2843]), 7.539999961853027
tensor([170.2876]), 0.0
tensor([170.2760]), 0.0
tensor([170.2876]), 0.0
tensor([66.0039]), 74.3499984741211
tensor([170.2783]), 0.0
tensor([131.7755]), 154.80999755859375
tensor([170.2876]), 0.0
tensor([170.3023]), 1616.260009765625
tensor([170.2876]), 0.0
tensor([170.2907]), 0.0
tensor([170.2876]), 0.0
tensor([170.2876]), 0.0
tensor([170.2878]), 0.0
tensor([170.2833]), 0.0
tensor([170.2855]), 0.0
tensor([170.2876]), 0.0
tensor([170.2876]), 0.0
tensor([170.2876]), 0.0
tensor([170.3076]), 0.0
tensor([170.2909]), 0.0
tensor([170.3251]), 1768.699951171875
tensor([170.3047]), 0.0
tensor([15.0063]), 0.0
tensor([170.2876]), 0.0
tensor([170.2835]), 6.849999904632568
tensor([170.2737]), 0.0
tensor([170.2876]), 0.0
tensor([30.9820]), 0.0
tensor([170.3015]), 0.0
tensor([170.2779]), 222.92999267578125
tensor([170.2876]), 0.0
tensor([170.3175]), 0.0
tensor([170.3066]), 0.0
tensor([170.2876]), 0.0
tensor([24.6382]), 0.0
tensor([170.2964]), 255.2100067138672
tensor([170.2809]), 1646.1800537109375
tensor([170.2876]), 0.0
tensor([18.6301]), 145.99000549316406
tensor([170.2876]), 0.0
tensor([170.2876]), 0.0
tensor([170.2756]), 1596.9300537109375
tensor([170.2876]), 0.0
tensor([170.3180]), 1545.550048828125
tensor([170.2876]), 0.0
tensor([170.2876]), 0.0
tensor([170.2830]), 0.0
tensor([170.2876]), 0.0
tensor([170.3241]), 1260.0999755859375
tensor([170.3172]), 0.0
tensor([170.2246]), 0.0
tensor([170.3190]), 0.0
tensor([170.3010]), 1742.6400146484375
tensor([170.2888]), 0.0
tensor([170.2876]), 0.3400000035762787
tensor([170.2759]), 5.889999866485596
tensor([170.2876]), 0.0
tensor([170.2946]), 238.17999267578125
tensor([164.6587]), 807.5599975585938
tensor([169.9543]), 395.29998779296875
tensor([170.2876]), 0.0
tensor([170.2774]), 0.0
tensor([170.2876]), 0.0
tensor([170.2876]), 0.0
tensor([170.2876]), 0.0
tensor([170.2823]), 1637.5899658203125
tensor([170.2876]), 0.0
tensor([170.3025]), 5.170000076293945
tensor([170.2876]), 0.0
tensor([170.2716]), 1610.0899658203125
tensor([170.2876]), 0.0
tensor([170.2876]), 0.0
tensor([170.2876]), 0.0
tensor([170.2876]), 0.0
tensor([170.3005]), 1548.0
tensor([142.5309]), 0.0
tensor([170.2876]), 0.0
tensor([170.2653]), 0.0
tensor([170.2794]), 0.0
tensor([170.2876]), 0.0
tensor([170.2959]), 1314.719970703125
tensor([170.2956]), 0.0
tensor([170.2884]), 0.0
tensor([170.2990]), 370.8699951171875
tensor([170.2876]), 0.0
tensor([170.2876]), 0.0
tensor([170.2876]), 0.0
tensor([152.5630]), 0.0
tensor([170.2876]), 0.0
tensor([170.2876]), 0.0
tensor([170.2925]), 1620.3599853515625
tensor([170.2885]), 0.0
tensor([170.2868]), 0.0
tensor([158.2940]), 1801.5400390625
tensor([170.3019]), 0.0
tensor([170.2876]), 0.0
tensor([170.2876]), 0.0
tensor([170.3170]), 0.0
tensor([170.2876]), 0.0
tensor([170.2841]), 136.3000030517578
tensor([170.2876]), 0.0
tensor([170.2872]), 404.79998779296875
tensor([40.1035]), 0.0
tensor([170.3021]), 1432.43994140625
tensor([170.2933]), 1892.050048828125
tensor([170.2876]), 0.0
tensor([170.2931]), 0.0
tensor([170.3216]), 1717.3199462890625
tensor([170.2876]), 0.0
tensor([170.2876]), 0.0
tensor([170.2876]), 0.0
tensor([170.3044]), 0.0
tensor([170.2876]), 0.0
tensor([170.2928]), 1934.8800048828125
tensor([170.2981]), 1524.0999755859375
tensor([170.2714]), 0.0
tensor([170.2876]), 0.0
tensor([170.3231]), 1842.8299560546875
tensor([47.6707]), 66.69000244140625
tensor([170.2746]), 1539.8199462890625
tensor([25.5926]), 0.0
tensor([170.2876]), 0.0
tensor([20.4036]), 0.0
tensor([170.2876]), 0.0
tensor([170.3058]), 0.0
tensor([170.2935]), 2.4600000381469727
tensor([170.3000]), 506.3500061035156
tensor([170.2870]), 0.0
tensor([170.2848]), 37.79999923706055
tensor([170.3219]), 0.0
tensor([17.7281]), 0.0
tensor([170.2876]), 0.0
tensor([170.2876]), 0.0
tensor([170.2876]), 0.0
tensor([11.8303]), 0.0
tensor([170.2876]), 0.0
tensor([170.3247]), 2383.0400390625
tensor([16.8991]), 0.0
tensor([170.3235]), 861.1400146484375
tensor([170.2876]), 0.0
tensor([170.2876]), 0.0
tensor([170.2791]), 110.58000183105469
tensor([170.3120]), 516.9199829101562
tensor([170.3031]), 1358.780029296875
tensor([167.8420]), 73.94000244140625
tensor([170.2876]), 0.0
tensor([170.3124]), 797.010009765625
tensor([170.2834]), 17.31999969482422
tensor([170.2876]), 0.0
tensor([170.2876]), 64.62000274658203
tensor([170.2876]), 0.0
tensor([170.2876]), 0.0
tensor([170.2876]), 0.0
tensor([29.8079]), 0.0
tensor([170.2883]), 20.459999084472656
tensor([170.2793]), 3.9100000858306885
tensor([170.2797]), 224.57000732421875
tensor([170.2876]), 0.0
tensor([23.3536]), 0.0
tensor([58.4040]), 0.0
tensor([169.8819]), 0.0
tensor([170.2764]), 322.4200134277344
tensor([170.2876]), 0.0
tensor([170.2876]), 0.0
tensor([170.2876]), 0.0
tensor([170.2893]), 0.0
tensor([170.3006]), 1906.3399658203125
tensor([170.3266]), 1786.3900146484375
tensor([170.3052]), 0.0
tensor([170.2876]), 0.0
tensor([170.2876]), 0.0
tensor([170.2861]), 807.3499755859375
tensor([170.2876]), 0.0
tensor([163.3391]), 584.75
tensor([170.2905]), 320.9599914550781
tensor([170.2876]), 0.0
tensor([170.2864]), 0.0
tensor([170.2768]), 0.0
tensor([169.9355]), 919.0800170898438
tensor([170.2844]), 7.849999904632568
tensor([170.2876]), 0.0
tensor([170.3241]), 1428.02001953125
tensor([17.3867]), 0.0
tensor([170.2876]), 0.0
tensor([170.3043]), 0.0
tensor([170.2876]), 0.0
tensor([170.2876]), 0.0
tensor([14.4609]), 0.0
tensor([170.2876]), 0.0
tensor([170.2876]), 0.0
tensor([170.2876]), 26.209999084472656
tensor([170.2876]), 0.0
tensor([170.2876]), 0.0
tensor([0.4230]), 0.0
tensor([170.1679]), 0.0
tensor([170.2997]), 1262.949951171875
tensor([170.2876]), 0.0
tensor([170.2929]), 0.0
tensor([16.9172]), 0.0
tensor([170.2911]), 0.0
tensor([170.2876]), 0.0
tensor([170.2696]), 0.0
tensor([65.5932]), 0.0
tensor([170.2876]), 0.0
tensor([170.2867]), 347.0
tensor([170.2876]), 0.0
tensor([16.1475]), 0.0
tensor([170.2876]), 0.0
tensor([170.2876]), 0.0
tensor([170.2876]), 0.0
tensor([170.2754]), 0.0
tensor([170.2876]), 0.0
tensor([170.2876]), 0.0
tensor([170.2859]), 59.27000045776367
tensor([170.2984]), 99.83999633789062
tensor([170.3027]), 5.260000228881836
tensor([170.2926]), 0.0
tensor([170.2876]), 0.0
tensor([170.2876]), 0.0
tensor([170.2760]), 0.0
tensor([170.3216]), 1761.47998046875
tensor([170.2962]), 0.0
tensor([170.2722]), 204.07000732421875
tensor([170.2876]), 0.0
tensor([170.2814]), 6.460000038146973
tensor([170.2876]), 0.0
tensor([170.2876]), 0.0
tensor([170.2876]), 0.0
tensor([170.3092]), 0.0
tensor([170.2690]), 0.0
tensor([170.2876]), 0.0
tensor([170.2802]), 0.0
tensor([89.7673]), 3.0799999237060547
tensor([170.2876]), 0.0
tensor([170.2876]), 0.0
tensor([170.2876]), 0.0
tensor([170.2876]), 0.0
tensor([170.3273]), 1791.5
tensor([170.2291]), 0.0
tensor([170.2969]), 0.0
tensor([170.2820]), 0.0
tensor([170.2876]), 0.0
tensor([170.3051]), 0.0
tensor([170.3241]), 897.9500122070312
tensor([170.2876]), 0.0
tensor([170.2876]), 0.0
tensor([170.2876]), 0.0
tensor([170.3201]), 0.0
tensor([170.2923]), 189.74000549316406
tensor([9.9045]), 30.459999084472656
tensor([170.2967]), 6.050000190734863
tensor([170.2970]), 2008.949951171875
tensor([170.3034]), 0.0
tensor([170.2876]), 0.0
tensor([170.2876]), 0.0
tensor([170.2876]), 0.0
tensor([170.2876]), 0.0
tensor([170.2907]), 847.260009765625
tensor([170.2596]), 0.0
tensor([18.3709]), 0.0
tensor([150.5912]), 7.130000114440918
tensor([170.2876]), 0.0
tensor([170.2876]), 0.0
tensor([170.3069]), 4.900000095367432
tensor([170.2908]), 0.0
tensor([170.3096]), 0.0
tensor([170.2881]), 1736.989990234375
tensor([170.2876]), 0.0
tensor([170.2876]), 0.0
tensor([170.2876]), 0.0
tensor([170.3144]), 0.0
tensor([170.2876]), 113.08999633789062
tensor([170.3230]), 0.0
tensor([41.8427]), 0.0
tensor([170.2841]), 35.63999938964844
tensor([70.9127]), 13.100000381469727
tensor([170.2893]), 0.0
tensor([170.3004]), 0.0
tensor([170.2852]), 273.7799987792969
tensor([16.2351]), 0.0
tensor([170.2359]), 130.6199951171875
tensor([170.2876]), 0.0
tensor([169.5482]), 0.0
tensor([170.2876]), 0.0
tensor([170.3043]), 0.0
tensor([170.3083]), 1652.8699951171875
tensor([170.2876]), 0.0
tensor([170.2876]), 0.0
tensor([170.2876]), 0.0
tensor([170.2937]), 0.0
tensor([170.2890]), 0.0
tensor([170.2923]), 79.20999908447266
tensor([170.2829]), 1138.3599853515625
tensor([12.2944]), 0.0
tensor([170.2876]), 0.0
tensor([170.2849]), 687.8400268554688
tensor([170.2876]), 0.0
tensor([170.3226]), 0.0
tensor([170.3002]), 116.54000091552734
tensor([170.2876]), 0.0
tensor([170.2798]), 1645.4599609375
tensor([170.2900]), 348.0199890136719
tensor([170.3092]), 28.18000030517578
tensor([170.2720]), 239.97999572753906
tensor([170.2876]), 0.0
tensor([170.2723]), 0.0
tensor([170.2876]), 0.0
tensor([170.2760]), 50.689998626708984
tensor([170.2876]), 0.0
tensor([170.2876]), 0.0
tensor([170.2944]), 1708.239990234375
tensor([170.2876]), 0.0
tensor([170.2852]), 174.9499969482422
tensor([141.9384]), 91.33999633789062
tensor([170.3034]), 0.0
tensor([170.3077]), 34.97999954223633
tensor([170.2876]), 0.0
tensor([170.2876]), 0.0
tensor([170.3194]), 1711.5799560546875
tensor([169.8681]), 0.0
tensor([21.6889]), 0.0
tensor([170.2847]), 50.5
tensor([170.2877]), 0.0
tensor([170.3002]), 0.0
tensor([170.2764]), 1815.030029296875
tensor([170.2661]), 198.9199981689453
tensor([170.3062]), 135.4600067138672
tensor([170.2825]), 0.0
tensor([170.3115]), 0.0
tensor([170.3150]), 2.1600000858306885
tensor([170.2860]), 74.04000091552734
tensor([47.0609]), 0.0
tensor([170.2938]), 405.760009765625
tensor([146.0309]), 0.0
tensor([170.2897]), 0.0
tensor([170.2876]), 0.0
tensor([170.2876]), 0.0
tensor([170.2876]), 0.0
tensor([26.9198]), 0.0
tensor([43.8564]), 0.0
tensor([170.2876]), 0.0
tensor([34.2486]), 0.0
tensor([170.2876]), 0.0
tensor([170.2798]), 7.46999979019165
tensor([170.2876]), 0.0
tensor([170.2876]), 0.0
tensor([170.3017]), 0.0
tensor([170.2869]), 0.0
tensor([170.2919]), 0.0
tensor([170.2876]), 0.0
tensor([170.2876]), 0.0
tensor([170.2946]), 0.0
tensor([170.3183]), 0.0
tensor([170.2876]), 0.0
tensor([170.2495]), 0.0
tensor([170.2876]), 0.0
tensor([170.1444]), 39.66999816894531
tensor([170.2896]), 0.0
tensor([170.2876]), 0.0
tensor([57.7705]), 1718.8399658203125
tensor([170.2482]), 28.030000686645508
tensor([170.3007]), 1678.4000244140625
tensor([170.2876]), 0.0
tensor([170.2875]), 1252.5799560546875
tensor([170.2852]), 20.829999923706055
tensor([170.2876]), 0.0
tensor([170.3150]), 0.0
tensor([170.2876]), 0.0
tensor([170.2852]), 38.58000183105469
tensor([170.2876]), 0.0
tensor([170.3065]), 0.0
tensor([170.2812]), 337.3399963378906
tensor([170.2876]), 0.0
tensor([28.1272]), 0.0
tensor([170.2876]), 0.0
tensor([170.2916]), 208.27999877929688
tensor([170.2876]), 0.0
tensor([170.2876]), 0.0
tensor([170.2876]), 0.0
tensor([147.8463]), 0.0
tensor([170.2548]), 0.0
tensor([170.2794]), 0.0
tensor([170.2876]), 0.0
tensor([170.3236]), 1681.5
tensor([170.2876]), 0.0
tensor([38.5416]), 0.0
tensor([170.3217]), 0.0
tensor([170.3152]), 0.0
tensor([11.7995]), 0.0
tensor([15.7314]), 0.0
tensor([170.3076]), 870.47998046875
tensor([170.2876]), 0.0
tensor([170.2926]), 0.0
tensor([170.2961]), 0.0
tensor([170.3163]), 442.2099914550781
tensor([170.2707]), 344.760009765625
tensor([170.3091]), 0.0
tensor([170.2740]), 0.0
tensor([170.2965]), 0.0
tensor([170.3160]), 1236.47998046875
tensor([51.9933]), 0.0
tensor([170.2870]), 8.460000038146973
tensor([170.2485]), 0.0
tensor([170.2876]), 0.0
tensor([148.1896]), 0.0
tensor([170.2983]), 0.0
tensor([170.2933]), 35.63999938964844
tensor([170.2616]), 0.0
tensor([170.2876]), 0.0
tensor([109.2738]), 0.0
tensor([170.2876]), 0.0
tensor([170.3017]), 0.0
tensor([170.3024]), 238.4600067138672
tensor([170.2876]), 0.0
tensor([19.6040]), 0.0
tensor([170.2710]), 1461.5999755859375
tensor([170.2735]), 1687.1500244140625
tensor([62.9212]), 0.0
tensor([170.3240]), 352.94000244140625
tensor([170.2876]), 0.0
tensor([170.2997]), 0.0
tensor([170.2976]), 0.0
tensor([170.3085]), 0.0
tensor([170.2876]), 0.0
tensor([17.6582]), 0.0
tensor([170.1098]), 779.0700073242188
tensor([170.3034]), 707.6099853515625
tensor([170.2896]), 0.0
tensor([170.2804]), 1482.5999755859375
tensor([170.2698]), 0.0
tensor([170.2876]), 0.0
tensor([170.2876]), 0.0
tensor([170.2867]), 948.4199829101562
tensor([170.2876]), 0.0
tensor([170.2924]), 0.0
tensor([170.2958]), 526.0900268554688
tensor([170.2876]), 0.0
tensor([170.2946]), 0.0
tensor([170.2889]), 0.0
tensor([170.2958]), 31.889999389648438
tensor([170.2784]), 0.0
tensor([170.2876]), 0.0
tensor([170.3107]), 0.0
tensor([170.2293]), 0.0
tensor([170.3244]), 192.42999267578125
tensor([170.2876]), 0.0
tensor([170.3063]), 1608.199951171875
tensor([170.2876]), 0.0
tensor([170.2876]), 0.0
tensor([170.3094]), 0.0
tensor([170.2876]), 0.0
tensor([170.2876]), 0.0
tensor([170.2876]), 0.0
tensor([170.2876]), 0.0
tensor([38.7092]), 0.0
tensor([170.2876]), 0.0
tensor([170.2876]), 0.0
tensor([170.3170]), 548.260009765625
tensor([170.2876]), 0.0
tensor([170.3128]), 1331.06005859375
tensor([170.2820]), 1414.9200439453125
tensor([170.2876]), 0.0
tensor([43.3287]), 0.0
tensor([170.3043]), 1600.5899658203125
tensor([170.2876]), 0.0
tensor([170.3222]), 521.9099731445312
tensor([170.2876]), 0.0
tensor([170.2848]), 1668.489990234375
tensor([170.2876]), 0.0
tensor([170.3203]), 100.94000244140625
tensor([170.2865]), 13.859999656677246
tensor([170.2697]), 1469.6700439453125
tensor([170.2975]), 1600.5899658203125
tensor([170.2876]), 0.0
tensor([137.8168]), 0.0
tensor([170.2876]), 0.0
tensor([170.3022]), 0.0
tensor([170.2910]), 368.54998779296875
tensor([170.2876]), 0.0
tensor([170.3035]), 37.689998626708984
tensor([170.2951]), 0.0
tensor([14.4162]), 0.0
tensor([170.2876]), 0.0
tensor([170.2876]), 0.0
tensor([159.5580]), 657.8200073242188
tensor([170.2876]), 0.0
tensor([170.2834]), 28.760000228881836
tensor([170.2876]), 0.0
tensor([170.2876]), 0.0
tensor([170.2876]), 0.0
tensor([170.2876]), 0.0
tensor([36.2173]), 0.0
tensor([170.2522]), 0.0
tensor([170.2876]), 0.0
tensor([170.3035]), 0.0
tensor([170.2936]), 501.70001220703125
tensor([170.2876]), 0.0
tensor([170.2864]), 0.0
tensor([170.2876]), 43.5099983215332
tensor([170.3211]), 1796.1400146484375
tensor([170.2775]), 1590.3399658203125
tensor([31.7340]), 0.0
tensor([170.2918]), 415.1499938964844
tensor([170.2729]), 603.239990234375
tensor([170.2876]), 0.0
tensor([170.2642]), 1151.699951171875
tensor([170.2876]), 0.0
tensor([170.3124]), 0.0
tensor([170.3126]), 1015.3499755859375
tensor([170.3199]), 0.0
tensor([170.2666]), 177.52999877929688
tensor([170.2876]), 0.0
tensor([170.2876]), 0.0
tensor([170.2876]), 0.0
tensor([170.2876]), 0.0
tensor([170.2876]), 0.0
tensor([170.2998]), 1877.489990234375
tensor([42.7857]), 0.0
tensor([170.2876]), 0.0
tensor([170.2876]), 0.0
tensor([170.3144]), 0.0
tensor([170.3056]), 1645.02001953125
tensor([55.4035]), 0.0
tensor([170.0924]), 0.0
tensor([170.3009]), 1741.5799560546875
tensor([170.2876]), 0.0
tensor([170.2876]), 0.0
tensor([170.3066]), 0.0
tensor([170.2985]), 0.0
tensor([36.6804]), 0.0
tensor([170.2943]), 0.0
tensor([170.2968]), 448.5299987792969
tensor([11.3931]), 0.0
tensor([170.2798]), 0.0
tensor([170.3272]), 1783.3199462890625
tensor([170.2858]), 2.2699999809265137
tensor([170.2876]), 0.0
tensor([170.2145]), 0.0
tensor([169.0467]), 0.0
tensor([170.2876]), 0.0
tensor([170.3008]), 1517.97998046875
tensor([170.2773]), 1591.1099853515625
tensor([30.9305]), 1240.7099609375
tensor([170.3133]), 0.0
tensor([168.1074]), 0.0
tensor([170.2876]), 0.0
tensor([170.3235]), 1367.550048828125
tensor([170.2876]), 0.0
tensor([170.1441]), 0.0
tensor([170.2917]), 0.0
tensor([122.5938]), 0.0
tensor([170.2876]), 0.0
tensor([170.2981]), 0.0
tensor([150.5676]), 0.0
tensor([170.2876]), 0.0
tensor([170.2911]), 0.0
tensor([82.4630]), 91.9800033569336
tensor([170.2894]), 27.639999389648438
tensor([170.3082]), 0.0
tensor([170.3176]), 0.0
tensor([124.1143]), 0.0
tensor([133.6271]), 40.900001525878906
tensor([170.2876]), 0.0
tensor([170.2876]), 0.0
tensor([8.8446]), 0.0
tensor([170.2876]), 0.0
tensor([170.2745]), 674.7899780273438
tensor([170.2876]), 0.0
tensor([170.2876]), 0.0
tensor([170.2876]), 0.0
tensor([170.0311]), 0.0
tensor([170.2898]), 100.20999908447266
tensor([170.2868]), 0.0
tensor([170.2733]), 17.469999313354492
tensor([73.5375]), 0.0
tensor([170.3185]), 1512.0
tensor([170.2876]), 0.0
tensor([170.2774]), 0.0
tensor([170.2876]), 0.0
tensor([170.2876]), 0.0
tensor([170.2876]), 0.0
tensor([45.8130]), 0.0
tensor([170.2735]), 98.44000244140625
tensor([170.3061]), 5.480000019073486
tensor([170.2876]), 0.0
tensor([170.2937]), 27.989999771118164
tensor([170.2876]), 0.0
tensor([170.2876]), 0.0
tensor([170.2876]), 0.0
tensor([170.2876]), 0.0
tensor([170.3138]), 754.7999877929688
tensor([170.2876]), 0.0
tensor([170.2854]), 713.4400024414062
tensor([170.3156]), 1972.280029296875
tensor([170.3062]), 0.0
tensor([170.2662]), 0.0
tensor([170.2858]), 756.0
tensor([170.2945]), 0.0
tensor([170.2876]), 0.0
tensor([170.2724]), 0.0
tensor([170.3031]), 0.41999998688697815
tensor([170.2909]), 0.0
tensor([170.2876]), 0.0
tensor([170.2825]), 0.0
tensor([33.0885]), 0.0
tensor([25.0002]), 0.0
tensor([170.2876]), 0.0
tensor([170.2816]), 0.0
tensor([53.8772]), 0.0
tensor([99.5385]), 0.0
tensor([170.3012]), 1724.9000244140625
tensor([157.0142]), 0.0
tensor([170.2859]), 0.0
tensor([122.7969]), 0.0
tensor([170.2755]), 0.0
tensor([170.3037]), 0.0
tensor([170.2916]), 201.89999389648438
tensor([170.2876]), 0.0
tensor([170.3177]), 342.6000061035156
tensor([170.2769]), 0.0
tensor([170.2876]), 0.0
tensor([170.0877]), 0.0
tensor([170.2876]), 0.0
tensor([170.2946]), 0.0
tensor([36.5988]), 0.0
tensor([170.2805]), 1556.300048828125
tensor([170.2876]), 0.0
tensor([170.2838]), 1372.6700439453125
tensor([170.3091]), 0.0
tensor([35.9456]), 0.0
tensor([170.2865]), 1198.6400146484375
tensor([19.3039]), 0.0
tensor([170.2888]), 400.3800048828125
tensor([170.2876]), 0.0
tensor([27.0881]), 0.0
tensor([170.2790]), 87.02999877929688
tensor([170.2876]), 0.0
tensor([170.2039]), 146.0800018310547
tensor([170.3206]), 0.0
tensor([170.3035]), 0.0
tensor([170.2876]), 0.0
tensor([170.2876]), 0.0
tensor([170.2770]), 903.4000244140625
tensor([170.3118]), 133.97999572753906
tensor([170.2876]), 0.0
tensor([170.2876]), 0.0
tensor([170.2922]), 287.3699951171875
tensor([170.2876]), 0.0
tensor([170.2876]), 0.0
tensor([14.8872]), 0.0
tensor([170.2910]), 0.0
tensor([170.2498]), 0.0
tensor([170.2615]), 0.0
tensor([170.2876]), 0.0
tensor([170.2958]), 1775.280029296875
tensor([170.2876]), 0.0
tensor([170.2876]), 0.0
tensor([170.2932]), 0.0
tensor([170.2806]), 26.59000015258789
tensor([170.2876]), 0.0
tensor([170.2876]), 0.0
tensor([170.2876]), 0.0
tensor([170.2844]), 1012.0700073242188
tensor([170.2876]), 0.0
tensor([170.2863]), 34.08000183105469
tensor([165.1162]), 936.6400146484375
tensor([19.3619]), 0.0
tensor([169.7425]), 167.7899932861328
tensor([29.4406]), 0.0
tensor([170.2760]), 186.25
tensor([170.2876]), 0.0
tensor([170.2713]), 1398.0799560546875
tensor([170.2938]), 404.6499938964844
tensor([170.2927]), 0.0
tensor([68.9570]), 0.0
tensor([170.3162]), 0.0
tensor([170.2919]), 0.0
tensor([170.3146]), 0.0
tensor([25.2233]), 0.0
tensor([170.3272]), 1820.52001953125
tensor([18.3811]), 172.32000732421875
tensor([170.1871]), 689.5599975585938
tensor([170.2876]), 0.0
tensor([170.2876]), 0.0
tensor([36.7350]), 0.0
tensor([170.3210]), 138.24000549316406
tensor([170.2986]), 0.0
tensor([170.3148]), 0.0
tensor([170.2876]), 0.0
tensor([170.2876]), 0.0
tensor([170.2876]), 0.0
tensor([40.6789]), 0.0
tensor([170.2876]), 0.0
tensor([170.2876]), 0.0
tensor([170.2667]), 0.0
tensor([170.2876]), 0.0
tensor([170.2541]), 0.0
tensor([170.2876]), 0.0
tensor([24.7369]), 0.0
tensor([170.2876]), 0.0
tensor([170.2876]), 0.0
tensor([170.3155]), 43.68000030517578
tensor([170.2986]), 0.0
tensor([170.2987]), 0.0
tensor([170.2876]), 0.0
tensor([170.2845]), 1309.4200439453125
tensor([170.2876]), 0.0
tensor([170.2876]), 0.0
tensor([169.2042]), 290.1600036621094
tensor([170.2876]), 0.0
tensor([170.2876]), 0.0
tensor([170.2787]), 0.0
tensor([170.2876]), 0.0
tensor([4.9143]), 0.0
tensor([170.3126]), 438.5400085449219
tensor([170.2876]), 0.0
tensor([162.4363]), 1381.739990234375
tensor([170.2800]), 127.91999816894531
tensor([170.2962]), 335.6700134277344
tensor([170.2876]), 26.549999237060547
tensor([170.2876]), 0.0
tensor([170.2377]), 0.0
tensor([170.3069]), 0.0
tensor([170.2876]), 0.0
tensor([170.2876]), 0.0
tensor([170.2876]), 0.0
tensor([23.4392]), 0.0
tensor([170.2876]), 0.0
tensor([170.2556]), 0.0
tensor([170.2876]), 0.0
tensor([170.2876]), 0.0
tensor([170.2899]), 11.039999961853027
tensor([170.2876]), 0.0
tensor([170.2961]), 0.0
tensor([170.2784]), 646.3499755859375
tensor([60.6792]), 0.0
tensor([170.2798]), 0.0
tensor([0.2856]), 0.0
tensor([170.3166]), 225.11000061035156
tensor([170.1753]), 1771.77001953125
tensor([170.2876]), 0.0
tensor([170.2876]), 0.0
tensor([170.2686]), 0.0
tensor([170.2876]), 0.0
tensor([170.2876]), 0.0
tensor([131.3187]), 0.0
tensor([170.2876]), 0.0
tensor([170.2876]), 0.0
tensor([170.2876]), 0.0
tensor([170.3181]), 211.6300048828125
tensor([170.2876]), 0.0
tensor([170.2876]), 0.0
tensor([170.2750]), 0.0
tensor([170.2945]), 178.27000427246094
tensor([170.2876]), 0.0
tensor([170.3258]), 1714.2900390625
tensor([170.2876]), 0.0
tensor([170.2860]), 0.0
tensor([170.2876]), 0.0
tensor([170.2876]), 0.0
tensor([8.5787]), 1.7100000381469727
tensor([170.2509]), 127.91999816894531
tensor([170.2859]), 132.7100067138672
tensor([170.2758]), 0.0
tensor([12.8210]), 0.0
tensor([170.2812]), 51.689998626708984
tensor([170.2806]), 0.0
tensor([170.2944]), 1666.97998046875
tensor([170.2876]), 0.0
tensor([170.3194]), 2391.3798828125
tensor([170.2876]), 0.0
tensor([170.2876]), 0.0
tensor([170.2998]), 0.0
tensor([170.2876]), 0.0
tensor([170.2876]), 0.0
tensor([170.2878]), 33.70000076293945
tensor([170.2876]), 20.3799991607666
tensor([170.2876]), 0.0
tensor([12.9654]), 0.0
tensor([170.2876]), 0.0
tensor([170.2876]), 0.0
tensor([16.4243]), 0.0
tensor([166.9781]), 0.0
tensor([168.9915]), 561.7999877929688
tensor([170.2603]), 326.3699951171875
tensor([170.2876]), 0.0
tensor([170.2876]), 0.0
tensor([170.2876]), 0.0
tensor([170.2876]), 0.0
tensor([170.3109]), 0.0
tensor([49.1632]), 0.0
tensor([170.3094]), 1576.8499755859375
tensor([170.2876]), 0.0
tensor([170.3092]), 0.0
tensor([170.2876]), 0.0
tensor([170.2876]), 0.0
tensor([170.2918]), 283.04998779296875
tensor([170.2842]), 558.3699951171875
tensor([170.2876]), 0.0
tensor([170.2762]), 80.83999633789062
tensor([170.2876]), 0.0
tensor([170.2707]), 562.030029296875
tensor([170.2971]), 1.7899999618530273
tensor([170.3037]), 1853.81005859375
tensor([170.2876]), 0.0
tensor([170.2876]), 0.0
tensor([28.0064]), 0.0
tensor([170.2748]), 50.290000915527344
tensor([170.2940]), 0.0
tensor([170.2876]), 0.0
tensor([170.2874]), 0.0
tensor([170.2876]), 0.0
tensor([170.2876]), 0.0
